movieId,SequenceNumber
1,1
3,2
6,3
47,4
50,5
70,6
101,7
110,8
151,9
157,10
163,11
216,12
223,13
231,14
235,15
260,16
296,17
316,18
333,19
349,20
356,21
362,22
367,23
423,24
441,25
457,26
480,27
500,28
527,29
543,30
552,31
553,32
590,33
592,34
593,35
596,36
608,37
648,38
661,39
673,40
733,41
736,42
780,43
804,44
919,45
923,46
940,47
943,48
954,49
1009,50
1023,51
1024,52
1025,53
1029,54
1030,55
1031,56
1032,57
1042,58
1049,59
1060,60
1073,61
1080,62
1089,63
1090,64
1092,65
1097,66
1127,67
1136,68
1196,69
1197,70
1198,71
1206,72
1208,73
1210,74
1213,75
1214,76
1219,77
1220,78
1222,79
1224,80
1226,81
1240,82
1256,83
1258,84
1265,85
1270,86
1275,87
1278,88
1282,89
1291,90
1298,91
1348,92
1377,93
1396,94
1408,95
1445,96
1473,97
1500,98
1517,99
1552,100
1573,101
1580,102
1587,103
1617,104
1620,105
1625,106
1644,107
1676,108
1732,109
1777,110
1793,111
1804,112
1805,113
1920,114
1927,115
1954,116
1967,117
2000,118
2005,119
2012,120
2018,121
2028,122
2033,123
2046,124
2048,125
2054,126
2058,127
2078,128
2090,129
2093,130
2094,131
2096,132
2099,133
2105,134
2115,135
2116,136
2137,137
2139,138
2141,139
2143,140
2161,141
2174,142
2193,143
2253,144
2268,145
2273,146
2291,147
2329,148
2338,149
2353,150
2366,151
2387,152
2389,153
2395,154
2406,155
2414,156
2427,157
2450,158
2459,159
2470,160
2478,161
2492,162
2502,163
2528,164
2529,165
2542,166
2571,167
2580,168
2596,169
2616,170
2617,171
2628,172
2640,173
2641,174
2644,175
2648,176
2654,177
2657,178
2692,179
2700,180
2716,181
2761,182
2797,183
2826,184
2858,185
2872,186
2899,187
2916,188
2944,189
2947,190
2948,191
2949,192
2959,193
2985,194
2987,195
2991,196
2993,197
2997,198
3033,199
3034,200
3052,201
3053,202
3062,203
3147,204
3168,205
3176,206
3243,207
3247,208
3253,209
3273,210
3386,211
3439,212
3440,213
3441,214
3448,215
3450,216
3479,217
3489,218
3527,219
3578,220
3617,221
3639,222
3671,223
3702,224
3703,225
3729,226
3740,227
3744,228
3793,229
3809,230
4006,231
5060,232
318,233
1704,234
6874,235
8798,236
46970,237
48516,238
58559,239
60756,240
68157,241
71535,242
74458,243
77455,244
79132,245
80489,246
80906,247
86345,248
89774,249
91529,250
91658,251
99114,252
106782,253
109487,254
112552,255
114060,256
115713,257
122882,258
131724,259
31,260
647,261
688,262
720,263
849,264
914,265
1093,266
1124,267
1263,268
1272,269
1302,270
1371,271
2080,272
2288,273
2424,274
2851,275
3024,276
3210,277
3949,278
4518,279
5048,280
5181,281
5746,282
5764,283
5919,284
6238,285
6835,286
7899,287
7991,288
26409,289
70946,290
72378,291
21,292
32,293
45,294
52,295
58,296
106,297
125,298
126,299
162,300
171,301
176,302
190,303
215,304
222,305
232,306
247,307
265,308
319,309
342,310
345,311
348,312
351,313
357,314
368,315
417,316
450,317
475,318
492,319
509,320
538,321
539,322
588,323
595,324
599,325
708,326
759,327
800,328
892,329
898,330
899,331
902,332
904,333
908,334
910,335
912,336
920,337
930,338
937,339
1046,340
1057,341
1077,342
1079,343
1084,344
1086,345
1094,346
1103,347
1179,348
1183,349
1188,350
1199,351
1203,352
1211,353
1225,354
1250,355
1259,356
1266,357
1279,358
1283,359
1288,360
1304,361
1391,362
1449,363
1466,364
1597,365
1641,366
1719,367
1733,368
1734,369
1834,370
1860,371
1883,372
1885,373
1892,374
1895,375
1907,376
1914,377
1916,378
1923,379
1947,380
1966,381
1968,382
2019,383
2076,384
2109,385
2145,386
2150,387
2186,388
2203,389
2204,390
2282,391
2324,392
2336,393
2351,394
2359,395
2390,396
2467,397
2583,398
2599,399
2683,400
2712,401
2762,402
2763,403
2770,404
2791,405
2843,406
2874,407
2921,408
2926,409
2973,410
3044,411
3060,412
3079,413
3083,414
3160,415
3175,416
3204,417
3255,418
3317,419
3358,420
3365,421
3408,422
3481,423
3508,424
3538,425
3591,426
3788,427
3851,428
3897,429
3911,430
3967,431
3996,432
4002,433
4014,434
4020,435
4021,436
4027,437
4029,438
4033,439
4034,440
4074,441
4121,442
4144,443
4166,444
4226,445
4239,446
4246,447
4252,448
4260,449
4273,450
4308,451
4347,452
4381,453
4641,454
4741,455
4765,456
4881,457
4896,458
4902,459
4967,460
34,461
36,462
39,463
150,464
153,465
253,466
261,467
266,468
290,469
300,470
344,471
364,472
380,473
410,474
474,475
515,476
531,477
534,478
589,479
594,480
597,481
2,482
4,483
5,484
7,485
8,486
10,487
11,488
13,489
15,490
16,491
17,492
19,493
22,494
24,495
25,496
26,497
27,498
41,499
43,500
46,501
54,502
60,503
61,504
62,505
65,506
66,507
76,508
79,509
86,510
87,511
88,512
89,513
92,514
93,515
95,516
100,517
102,518
104,519
105,520
112,521
113,522
135,523
140,524
141,525
145,526
146,527
158,528
159,529
160,530
161,531
165,532
168,533
170,534
174,535
177,536
179,537
180,538
181,539
185,540
186,541
189,542
191,543
195,544
196,545
201,546
204,547
205,548
207,549
208,550
209,551
210,552
212,553
217,554
218,555
219,556
224,557
225,558
230,559
234,560
236,561
237,562
239,563
240,564
243,565
248,566
250,567
251,568
252,569
254,570
256,571
257,572
258,573
262,574
267,575
270,576
271,577
273,578
274,579
276,580
277,581
279,582
281,583
282,584
288,585
289,586
291,587
292,588
293,589
302,590
303,591
304,592
310,593
312,594
313,595
314,596
315,597
317,598
327,599
329,600
330,601
332,602
336,603
337,604
339,605
340,606
343,607
347,608
350,609
352,610
353,611
354,612
355,613
358,614
359,615
360,616
361,617
366,618
370,619
371,620
374,621
377,622
378,623
381,624
382,625
383,626
405,627
412,628
415,629
416,630
419,631
426,632
432,633
434,634
435,635
437,636
440,637
445,638
454,639
455,640
458,641
460,642
466,643
468,644
469,645
472,646
477,647
485,648
489,649
490,650
491,651
493,652
494,653
497,654
502,655
505,656
508,657
510,658
516,659
520,660
524,661
532,662
536,663
537,664
540,665
542,666
546,667
548,668
569,669
575,670
587,671
606,672
609,673
616,674
628,675
631,676
637,677
640,678
662,679
667,680
694,681
697,682
700,683
704,684
709,685
710,686
711,687
719,688
747,689
762,690
765,691
775,692
783,693
795,694
799,695
801,696
802,697
818,698
830,699
835,700
837,701
838,702
839,703
842,704
848,705
852,706
867,707
880,708
881,709
888,710
891,711
979,712
981,713
986,714
991,715
996,716
999,717
1004,718
1006,719
1061,720
1064,721
1082,722
750,723
924,724
1101,725
1246,726
1584,727
1610,728
1682,729
1784,730
1917,731
2671,732
2688,733
2701,734
2717,735
3114,736
3354,737
3623,738
3869,739
3916,740
3977,741
3994,742
4018,743
4223,744
4306,745
4310,746
4370,747
4643,748
4700,749
4844,750
4874,751
4886,752
4963,753
4993,754
4995,755
5218,756
5349,757
5378,758
5445,759
5459,760
5464,761
5502,762
5618,763
5816,764
5952,765
5989,766
5991,767
6333,768
6365,769
6534,770
6539,771
6863,772
6934,773
7143,774
7153,775
7155,776
7445,777
8207,778
8360,779
8368,780
8373,781
8528,782
8636,783
8665,784
8666,785
8783,786
8808,787
8865,788
8870,789
8907,790
8908,791
8949,792
8957,793
8958,794
8961,795
8965,796
8970,797
8972,798
8984,799
27741,800
30812,801
30816,802
31878,803
32029,804
32031,805
32296,806
32587,807
33162,808
33493,809
33794,810
33836,811
34048,812
34319,813
37741,814
38388,815
42002,816
45499,817
45517,818
45668,819
45730,820
46530,821
48783,822
48997,823
49272,824
49278,825
49286,826
49824,827
586,828
187,829
627,830
922,831
1037,832
1095,833
1674,834
1987,835
2011,836
2023,837
2300,838
2877,839
2901,840
3173,841
3328,842
3735,843
4131,844
4558,845
5447,846
5451,847
5481,848
5507,849
5841,850
5843,851
5872,852
5890,853
5891,854
5893,855
5902,856
5956,857
5962,858
5965,859
5988,860
6001,861
6044,862
1028,863
1088,864
1247,865
1307,866
3882,867
4447,868
5066,869
5377,870
5620,871
5943,872
5957,873
6155,874
6266,875
6377,876
6535,877
6942,878
7149,879
7151,880
7154,881
7169,882
7293,883
7375,884
7451,885
7458,886
8529,887
8533,888
8869,889
8969,890
30749,891
31433,892
31685,893
33145,894
33679,895
40629,896
40819,897
41285,898
47099,899
51662,900
51705,901
51834,902
54286,903
56367,904
56949,905
58047,906
59333,907
59421,908
60397,909
60950,910
61250,911
63113,912
63992,913
64969,914
66203,915
68954,916
69406,917
69844,918
70183,919
70293,920
71579,921
72011,922
72330,923
72407,924
72720,925
72737,926
72998,927
73017,928
74450,929
77841,930
78772,931
79091,932
80549,933
81784,934
81845,935
81847,936
82167,937
82499,938
84374,939
86548,940
87222,941
88163,942
88810,943
91104,944
92259,945
94070,946
95167,947
95449,948
95510,949
95543,950
96079,951
97024,952
97938,953
98203,954
103335,955
103339,956
104374,957
105211,958
106489,959
106696,960
107141,961
109374,962
109853,963
112006,964
113275,965
113394,966
119145,967
129428,968
136020,969
137595,970
140110,971
44,972
376,973
511,974
529,975
1100,976
1358,977
1370,978
1385,979
1438,980
1518,981
1586,982
1604,983
1608,984
1616,985
1687,986
1693,987
1721,988
1840,989
1882,990
1918,991
2002,992
2027,993
1357,994
1405,995
1876,996
2072,997
2100,998
2421,999
2485,1000
2572,1001
2581,1002
2694,1003
3668,1004
305,1005
1173,1006
1590,1007
1619,1008
1639,1009
2541,1010
3300,1011
3409,1012
3513,1013
3624,1014
3717,1015
3753,1016
3798,1017
3827,1018
3863,1019
3893,1020
3952,1021
4011,1022
4148,1023
193,1024
448,1025
784,1026
172,1027
858,1028
1200,1029
1347,1030
1527,1031
1653,1032
1909,1033
2001,1034
2081,1035
2085,1036
2278,1037
3156,1038
3499,1039
3510,1040
3535,1041
3555,1042
4022,1043
4720,1044
5971,1045
6502,1046
7254,1047
7438,1048
8644,1049
48304,1050
48774,1051
48780,1052
50872,1053
56174,1054
59315,1055
60069,1056
63859,1057
64614,1058
68237,1059
69757,1060
70286,1061
71057,1062
71264,1063
84152,1064
84954,1065
85414,1066
89745,1067
91500,1068
94864,1069
96610,1070
101864,1071
103249,1072
104841,1073
105504,1074
110102,1075
111759,1076
112556,1077
112852,1078
115149,1079
120466,1080
122886,1081
122904,1082
122922,1083
122924,1084
134130,1085
134853,1086
143385,1087
152077,1088
152081,1089
158872,1090
160980,1091
166528,1092
166635,1093
111,1094
541,1095
678,1096
745,1097
913,1098
1147,1099
1148,1100
1186,1101
1193,1102
1201,1103
1207,1104
1223,1105
1230,1106
1252,1107
1260,1108
1261,1109
1267,1110
1276,1111
1281,1112
1299,1113
1680,1114
2490,1115
2707,1116
2723,1117
3000,1118
3022,1119
3108,1120
3174,1121
3429,1122
3683,1123
3741,1124
4878,1125
4973,1126
5782,1127
6350,1128
7099,1129
7361,1130
27611,1131
27773,1132
48394,1133
78499,1134
1036,1135
1209,1136
1221,1137
1228,1138
1234,1139
1375,1140
2194,1141
3039,1142
3263,1143
3435,1144
3681,1145
4571,1146
6016,1147
6870,1148
7482,1149
31658,1150
64839,1151
68358,1152
80463,1153
81932,1154
82459,1155
431,1156
442,1157
555,1158
653,1159
778,1160
1020,1161
1059,1162
1212,1163
1227,1164
1245,1165
1356,1166
1374,1167
1544,1168
1729,1169
1924,1170
1961,1171
2184,1172
2409,1173
2410,1174
2411,1175
2412,1176
2420,1177
2422,1178
2706,1179
2918,1180
2951,1181
2953,1182
3081,1183
3257,1184
3275,1185
3462,1186
3751,1187
3785,1188
3896,1189
4007,1190
4262,1191
4327,1192
4383,1193
4728,1194
4816,1195
5008,1196
5120,1197
5266,1198
5418,1199
5574,1200
5608,1201
5669,1202
5679,1203
5903,1204
5944,1205
5995,1206
6287,1207
6300,1208
6373,1209
6378,1210
6440,1211
6548,1212
6709,1213
6787,1214
6807,1215
6888,1216
7018,1217
7147,1218
7317,1219
7318,1220
7323,1221
7373,1222
7753,1223
7843,1224
8117,1225
8361,1226
8641,1227
8784,1228
8917,1229
8950,1230
26444,1231
26614,1232
27689,1233
27716,1234
27831,1235
27878,1236
30793,1237
32460,1238
33004,1239
33615,1240
34150,1241
34405,1242
36519,1243
36529,1244
37386,1245
37729,1246
37733,1247
38038,1248
38061,1249
44022,1250
44191,1251
44199,1252
44555,1253
44665,1254
45722,1255
46578,1256
46965,1257
47200,1258
47491,1259
49651,1260
51357,1261
51540,1262
52604,1263
53125,1264
53129,1265
53318,1266
53464,1267
53972,1268
53996,1269
54272,1270
55118,1271
55247,1272
55276,1273
55290,1274
55765,1275
56757,1276
57528,1277
57640,1278
57669,1279
58295,1280
58299,1281
59615,1282
59784,1283
60040,1284
60074,1285
60684,1286
62434,1287
63131,1288
64197,1289
64957,1290
65596,1291
66934,1292
67255,1293
68073,1294
68159,1295
68319,1296
69122,1297
69640,1298
69951,1299
71108,1300
71156,1301
71899,1302
73268,1303
73321,1304
73323,1305
73499,1306
74510,1307
74789,1308
74948,1309
76077,1310
76175,1311
76251,1312
77561,1313
78469,1314
79293,1315
79592,1316
79695,1317
79702,1318
80219,1319
81788,1320
83349,1321
84392,1322
85354,1323
86190,1324
86332,1325
86628,1326
86880,1327
87232,1328
88094,1329
88129,1330
88140,1331
90600,1332
91485,1333
91542,1334
92094,1335
95441,1336
96432,1337
96488,1338
96655,1339
97752,1340
98124,1341
98585,1342
98809,1343
99728,1344
99813,1345
102125,1346
102445,1347
102903,1348
103253,1349
103772,1350
104241,1351
104879,1352
106072,1353
106487,1354
106839,1355
107846,1356
111362,1357
112183,1358
112334,1359
112421,1360
114066,1361
116797,1362
116823,1363
117176,1364
118900,1365
122892,1366
122900,1367
122918,1368
122920,1369
122926,1370
128620,1371
135569,1372
139385,1373
140289,1374
141688,1375
142488,1376
144210,1377
145283,1378
148626,1379
150548,1380
155168,1381
157108,1382
157110,1383
158238,1384
158972,1385
159093,1386
160438,1387
161582,1388
162350,1389
162606,1390
164179,1391
166015,1392
168252,1393
171023,1394
176101,1395
177593,1396
180095,1397
180777,1398
185135,1399
12,1400
48,1401
64,1402
107,1403
118,1404
173,1405
295,1406
325,1407
328,1408
338,1409
372,1410
379,1411
407,1412
414,1413
420,1414
422,1415
427,1416
486,1417
512,1418
513,1419
551,1420
558,1421
610,1422
611,1423
671,1424
674,1425
724,1426
742,1427
743,1428
761,1429
785,1430
788,1431
798,1432
810,1433
829,1434
832,1435
866,1436
879,1437
903,1438
906,1439
911,1440
915,1441
921,1442
931,1443
933,1444
965,1445
984,1446
1016,1447
1021,1448
1047,1449
1081,1450
1129,1451
1215,1452
1238,1453
1257,1454
1269,1455
1285,1456
1297,1457
1322,1458
1324,1459
1330,1460
1333,1461
1339,1462
1342,1463
1345,1464
1346,1465
1355,1466
1359,1467
1367,1468
1372,1469
1373,1470
1376,1471
1378,1472
1379,1473
1380,1474
1394,1475
1407,1476
1409,1477
1427,1478
1441,1479
1456,1480
1457,1481
1461,1482
1474,1483
1479,1484
1485,1485
1489,1486
1499,1487
1542,1488
1550,1489
1551,1490
1556,1491
1562,1492
1566,1493
1569,1494
1583,1495
1588,1496
1591,1497
1593,1498
1603,1499
1614,1500
1645,1501
1648,1502
1658,1503
1663,1504
1665,1505
1679,1506
1681,1507
1688,1508
1689,1509
1690,1510
1702,1511
1717,1512
1718,1513
1722,1514
1747,1515
1748,1516
1754,1517
1779,1518
1783,1519
1798,1520
1806,1521
1812,1522
1816,1523
1831,1524
1845,1525
1848,1526
1855,1527
1862,1528
1881,1529
1888,1530
1891,1531
1894,1532
1906,1533
1911,1534
1919,1535
1921,1536
1963,1537
1970,1538
1971,1539
1972,1540
1973,1541
1991,1542
1994,1543
2003,1544
2004,1545
2014,1546
2015,1547
2016,1548
2026,1549
2034,1550
2036,1551
2037,1552
2040,1553
2041,1554
2044,1555
2052,1556
2053,1557
2060,1558
2065,1559
2082,1560
2088,1561
2092,1562
2097,1563
2108,1564
2110,1565
2111,1566
2118,1567
2123,1568
2133,1569
2134,1570
2140,1571
2144,1572
2148,1573
2153,1574
2167,1575
2169,1576
2171,1577
2206,1578
2227,1579
2232,1580
2243,1581
2244,1582
2245,1583
2248,1584
2249,1585
2255,1586
2261,1587
2263,1588
2266,1589
2267,1590
2279,1591
2287,1592
2294,1593
2302,1594
2315,1595
2320,1596
2321,1597
2328,1598
2335,1599
2354,1600
2355,1601
2369,1602
2371,1603
2372,1604
2374,1605
2375,1606
2393,1607
2394,1608
2396,1609
2407,1610
2413,1611
2416,1612
2418,1613
2423,1614
2428,1615
2446,1616
2453,1617
2455,1618
2458,1619
2463,1620
2465,1621
2468,1622
2491,1623
2496,1624
2513,1625
2518,1626
2539,1627
2548,1628
2550,1629
2555,1630
2558,1631
2605,1632
2606,1633
2614,1634
2622,1635
2642,1636
2643,1637
2668,1638
2672,1639
2687,1640
2699,1641
2709,1642
2710,1643
2719,1644
2720,1645
2722,1646
2733,1647
2746,1648
2754,1649
2788,1650
2793,1651
2802,1652
2804,1653
2806,1654
2808,1655
2822,1656
2836,1657
2840,1658
2857,1659
2860,1660
2867,1661
2870,1662
2883,1663
2888,1664
2898,1665
2900,1666
2915,1667
2936,1668
2968,1669
2995,1670
3005,1671
3016,1672
3017,1673
3031,1674
3032,1675
3035,1676
3040,1677
3048,1678
3056,1679
3063,1680
3064,1681
3070,1682
3072,1683
3082,1684
3087,1685
3101,1686
3104,1687
3113,1688
3146,1689
3190,1690
3203,1691
3213,1692
3219,1693
3225,1694
3238,1695
3248,1696
3254,1697
3258,1698
3264,1699
3269,1700
3301,1701
3308,1702
3316,1703
3324,1704
3355,1705
3361,1706
3370,1707
3387,1708
3393,1709
3394,1710
3395,1711
3396,1712
3397,1713
3398,1714
3400,1715
3401,1716
3418,1717
3421,1718
3424,1719
3454,1720
3466,1721
3471,1722
3476,1723
3477,1724
3483,1725
3484,1726
3497,1727
3500,1728
3501,1729
3505,1730
3515,1731
3526,1732
3534,1733
3536,1734
3548,1735
3550,1736
3551,1737
3584,1738
3594,1739
3608,1740
3622,1741
3662,1742
3685,1743
3686,1744
3692,1745
3693,1746
3698,1747
3699,1748
3701,1749
3704,1750
3705,1751
3706,1752
3708,1753
3712,1754
3743,1755
3745,1756
3752,1757
3754,1758
3763,1759
3770,1760
3784,1761
3797,1762
3802,1763
3825,1764
3826,1765
3835,1766
3837,1767
3839,1768
1010,1769
1012,1770
1013,1771
1015,1772
1018,1773
1022,1774
1035,1775
1547,1776
2006,1777
2059,1778
2083,1779
2087,1780
2089,1781
2135,1782
2430,1783
2565,1784
2941,1785
3157,1786
3159,1787
3189,1788
3410,1789
3438,1790
3512,1791
3549,1792
3565,1793
3615,1794
3755,1795
3852,1796
3948,1797
3972,1798
3986,1799
3988,1800
3990,1801
3999,1802
4016,1803
4019,1804
4025,1805
4039,1806
4054,1807
4090,1808
4154,1809
4161,1810
4232,1811
4270,1812
4299,1813
4344,1814
4366,1815
4367,1816
4369,1817
4378,1818
4446,1819
4449,1820
4519,1821
4638,1822
4718,1823
4734,1824
4776,1825
4783,1826
4821,1827
4846,1828
4848,1829
4865,1830
4901,1831
4979,1832
4990,1833
5013,1834
5014,1835
5015,1836
5103,1837
5110,1838
5171,1839
5254,1840
5293,1841
5299,1842
5313,1843
5364,1844
5388,1845
5419,1846
5463,1847
5504,1848
5630,1849
5693,1850
5785,1851
6143,1852
6156,1853
6157,1854
6166,1855
6170,1856
6297,1857
6345,1858
6358,1859
38,1860
2376,1861
2378,1862
2402,1863
2403,1864
2724,1865
2989,1866
2990,1867
3633,1868
3635,1869
3638,1870
3697,1871
3868,1872
3984,1873
4005,1874
4040,1875
4085,1876
4489,1877
4545,1878
4621,1879
4701,1880
5219,1881
5796,1882
6503,1883
7569,1884
7570,1885
7573,1886
7701,1887
8574,1888
8946,1889
26340,1890
30825,1891
34162,1892
39715,1893
40815,1894
41566,1895
45186,1896
45447,1897
45672,1898
46972,1899
47566,1900
47997,1901
50189,1902
51084,1903
52730,1904
52973,1905
53121,1906
53322,1907
54276,1908
56775,1909
58025,1910
58998,1911
59369,1912
59429,1913
59900,1914
61160,1915
63082,1916
64032,1917
68791,1918
68793,1919
69526,1920
69644,1921
72641,1922
73106,1923
73319,1924
73858,1925
76093,1926
78637,1927
79134,1928
79185,1929
80166,1930
81229,1931
81564,1932
81591,1933
81834,1934
82202,1935
85259,1936
86068,1937
87520,1938
88125,1939
88405,1940
88744,1941
90249,1942
91535,1943
91630,1944
93510,1945
94503,1946
94677,1947
94777,1948
95067,1949
95170,1950
95738,1951
96004,1952
96588,1953
97913,1954
99532,1955
102481,1956
102716,1957
102993,1958
103141,1959
103228,1960
103372,1961
103384,1962
103801,1963
103810,1964
103819,1965
103883,1966
104211,1967
105213,1968
105653,1969
105844,1970
105954,1971
106491,1972
106540,1973
106916,1974
106918,1975
106920,1976
107013,1977
107449,1978
108156,1979
108190,1980
108932,1981
108945,1982
109576,1983
109723,1984
109864,1985
110130,1986
110553,1987
111113,1988
111617,1989
111743,1990
111781,1991
111844,1992
112138,1993
112175,1994
114180,1995
114818,1996
115502,1997
115617,1998
115877,1999
117368,2000
117529,2001
117572,2002
117590,2003
117851,2004
117922,2005
119141,2006
119155,2007
119964,2008
122896,2009
126548,2010
130450,2011
132157,2012
133419,2013
134368,2014
134393,2015
135133,2016
135536,2017
135861,2018
135887,2019
136016,2020
138036,2021
138186,2022
139642,2023
139717,2024
139915,2025
140301,2026
142536,2027
143245,2028
148675,2029
149380,2030
160565,2031
160872,2032
164909,2033
166492,2034
167036,2035
168248,2036
173307,2037
1952,2038
1953,2039
2160,2040
3006,2041
4017,2042
4036,2043
4903,2044
5617,2045
5673,2046
6711,2047
8464,2048
8622,2049
30707,2050
31410,2051
34437,2052
39183,2053
41997,2054
46976,2055
52281,2056
53519,2057
54503,2058
55820,2059
56171,2060
56782,2061
56788,2062
60766,2063
61323,2064
64575,2065
66097,2066
68536,2067
71464,2068
29,2069
175,2070
272,2071
334,2072
741,2073
1050,2074
1175,2075
1217,2076
1218,2077
1232,2078
1233,2079
1237,2080
1243,2081
1248,2082
1249,2083
1274,2084
1284,2085
1425,2086
1464,2087
1711,2088
1809,2089
1859,2090
1884,2091
1960,2092
2579,2093
2686,2094
2726,2095
2730,2096
2912,2097
3030,2098
3181,2099
3265,2100
3822,2101
4235,2102
5333,2103
6234,2104
6387,2105
6721,2106
6773,2107
6790,2108
6857,2109
6920,2110
6989,2111
7064,2112
7069,2113
7123,2114
7587,2115
7924,2116
7932,2117
8012,2118
8228,2119
8370,2120
2405,2121
3556,2122
4855,2123
5064,2124
5791,2125
31696,2126
35836,2127
47610,2128
57368,2129
61024,2130
61132,2131
86882,2132
102407,2133
132660,2134
122912,2135
122916,2136
176371,2137
187541,2138
187593,2139
238,2140
421,2141
808,2142
969,2143
1083,2144
1262,2145
1287,2146
1387,2147
1592,2148
2032,2149
2142,2150
2151,2151
2311,2152
2530,2153
2532,2154
2876,2155
2886,2156
3037,2157
3350,2158
3451,2159
3519,2160
3654,2161
3791,2162
3836,2163
23,2164
147,2165
211,2166
428,2167
456,2168
481,2169
507,2170
635,2171
714,2172
851,2173
1120,2174
1171,2175
1253,2176
1271,2177
1303,2178
1459,2179
1480,2180
1678,2181
1785,2182
2021,2183
2231,2184
2272,2185
2358,2186
2618,2187
2841,2188
2908,2189
2952,2190
3020,2191
3100,2192
3105,2193
3107,2194
3169,2195
3178,2196
3198,2197
3246,2198
3250,2199
3252,2200
3256,2201
3260,2202
3271,2203
3272,2204
3360,2205
3543,2206
3783,2207
3950,2208
3980,2209
4047,2210
4211,2211
4238,2212
4251,2213
4343,2214
4626,2215
4688,2216
4772,2217
4787,2218
5009,2219
5010,2220
5055,2221
5152,2222
5267,2223
5292,2224
5329,2225
5446,2226
5577,2227
5632,2228
5682,2229
5747,2230
5945,2231
5955,2232
6281,2233
6428,2234
6537,2235
6552,2236
6565,2237
6617,2238
6796,2239
6817,2240
6867,2241
6884,2242
6947,2243
6953,2244
6957,2245
6974,2246
6993,2247
6997,2248
7009,2249
7025,2250
7090,2251
7263,2252
7481,2253
7649,2254
7706,2255
7841,2256
7842,2257
7884,2258
8010,2259
8132,2260
8378,2261
8493,2262
8495,2263
8633,2264
8810,2265
8874,2266
8914,2267
8937,2268
8951,2269
8977,2270
8982,2271
8983,2272
26649,2273
26695,2274
26750,2275
26812,2276
26901,2277
27408,2278
27450,2279
27788,2280
27793,2281
31101,2282
31116,2283
31225,2284
31420,2285
33166,2286
33558,2287
33660,2288
34536,2289
36517,2290
36527,2291
37731,2292
37739,2293
38886,2294
39381,2295
39444,2296
40278,2297
40414,2298
40583,2299
41569,2300
41863,2301
42004,2302
43396,2303
43921,2304
43928,2305
43936,2306
44195,2307
44204,2308
44761,2309
45658,2310
46723,2311
47629,2312
47644,2313
47894,2314
48326,2315
48385,2316
48738,2317
48879,2318
49265,2319
49530,2320
49822,2321
49961,2322
50068,2323
50442,2324
51080,2325
51255,2326
51471,2327
51935,2328
52042,2329
52241,2330
52328,2331
52952,2332
53123,2333
53550,2334
53953,2335
54736,2336
54962,2337
54997,2338
55080,2339
55094,2340
55116,2341
55274,2342
55363,2343
55721,2344
55908,2345
56145,2346
56587,2347
56607,2348
56921,2349
58293,2350
58803,2351
59018,2352
59129,2353
59387,2354
60046,2355
60389,2356
60647,2357
60674,2358
60735,2359
60753,2360
60941,2361
60943,2362
61011,2363
61167,2364
61210,2365
61236,2366
61248,2367
61350,2368
61352,2369
61628,2370
61986,2371
62374,2372
62376,2373
62394,2374
62792,2375
62799,2376
62849,2377
63033,2378
63062,2379
63433,2380
64030,2381
64497,2382
64716,2383
64983,2384
64997,2385
65216,2386
65682,2387
65982,2388
67534,2389
68205,2390
69849,2391
70336,2392
71106,2393
71135,2394
953,2395
1204,2396
1242,2397
1772,2398
1792,2399
1939,2400
1945,2401
2301,2402
3363,2403
4980,2404
7156,2405
7379,2406
26554,2407
26729,2408
64620,2409
87306,2410
98961,2411
96821,2412
605,2413
612,2414
1099,2415
1231,2416
1353,2417
1361,2418
1363,2419
1393,2420
74,2421
78,2422
194,2423
203,2424
246,2425
471,2426
786,2427
1104,2428
1429,2429
1458,2430
28,2431
94,2432
249,2433
307,2434
308,2435
322,2436
385,2437
446,2438
452,2439
562,2440
580,2441
613,2442
715,2443
805,2444
994,2445
1027,2446
1056,2447
1177,2448
1280,2449
1365,2450
1399,2451
1446,2452
1476,2453
1487,2454
1537,2455
1545,2456
1621,2457
1633,2458
1643,2459
1672,2460
1673,2461
1799,2462
1801,2463
1841,2464
2112,2465
2310,2466
2333,2467
2357,2468
2391,2469
2443,2470
2501,2471
2690,2472
2875,2473
2943,2474
3997,2475
5146,2476
5449,2477
6242,2478
6567,2479
6618,2480
26606,2481
27193,2482
27728,2483
27801,2484
31184,2485
44974,2486
544,2487
2269,2488
2735,2489
2794,2490
3066,2491
3270,2492
3347,2493
3362,2494
3766,2495
3861,2496
4220,2497
5093,2498
5312,2499
6662,2500
585,2501
2342,2502
3019,2503
82,2504
121,2505
199,2506
228,2507
306,2508
514,2509
685,2510
3285,2511
3968,2512
4890,2513
6708,2514
6763,2515
7173,2516
7444,2517
8981,2518
54001,2519
55280,2520
56941,2521
59725,2522
61240,2523
65230,2524
71033,2525
85774,2526
86781,2527
87869,2528
89759,2529
93840,2530
96829,2531
97921,2532
100714,2533
101525,2534
103980,2535
111659,2536
111921,2537
112290,2538
115569,2539
116897,2540
125916,2541
128360,2542
136864,2543
122,2544
144,2545
227,2546
408,2547
413,2548
418,2549
424,2550
433,2551
436,2552
459,2553
550,2554
639,2555
782,2556
1191,2557
1343,2558
1431,2559
1453,2560
1468,2561
1488,2562
1513,2563
1667,2564
1726,2565
1810,2566
1835,2567
1975,2568
1976,2569
2146,2570
2155,2571
2236,2572
2297,2573
2306,2574
2352,2575
2404,2576
2433,2577
2497,2578
2500,2579
2505,2580
2568,2581
2574,2582
2598,2583
2702,2584
2713,2585
2771,2586
2795,2587
2796,2588
2805,2589
2827,2590
2861,2591
2871,2592
2890,2593
2906,2594
3098,2595
3120,2596
3142,2597
3177,2598
3186,2599
3208,2600
3259,2601
3261,2602
3298,2603
3326,2604
3502,2605
3552,2606
3646,2607
3694,2608
3695,2609
3764,2610
3824,2611
3841,2612
3946,2613
3987,2614
4008,2615
4041,2616
4062,2617
4067,2618
4084,2619
4102,2620
4132,2621
4153,2622
4155,2623
4207,2624
4280,2625
4293,2626
4317,2627
4321,2628
4322,2629
4333,2630
4349,2631
4351,2632
4359,2633
4361,2634
4396,2635
4442,2636
4466,2637
4477,2638
4482,2639
4487,2640
4509,2641
4516,2642
4541,2643
4564,2644
4565,2645
4577,2646
4623,2647
4629,2648
4654,2649
4679,2650
4686,2651
57,2652
259,2653
484,2654
519,2655
828,2656
1105,2657
18,2658
663,2659
737,2660
833,2661
836,2662
889,2663
69,2664
934,2665
1005,2666
1033,2667
1390,2668
1442,2669
1615,2670
1642,2671
1753,2672
1769,2673
1863,2674
1866,2675
1934,2676
2042,2677
2064,2678
2106,2679
2124,2680
2195,2681
2431,2682
2504,2683
2718,2684
2731,2685
3004,2686
3196,2687
3249,2688
3268,2689
3274,2690
3385,2691
4104,2692
4502,2693
4929,2694
4958,2695
4974,2696
5151,2697
5220,2698
5283,2699
5307,2700
5308,2701
5500,2702
5528,2703
5568,2704
5582,2705
5585,2706
5589,2707
7294,2708
33495,2709
53993,2710
391,2711
2121,2712
2942,2713
3844,2714
3969,2715
4474,2716
4975,2717
5108,2718
6765,2719
7160,2720
8966,2721
45950,2722
47423,2723
51931,2724
53894,2725
63876,2726
68932,2727
69712,2728
72395,2729
79242,2730
82767,2731
96567,2732
96811,2733
97923,2734
100383,2735
106100,2736
108729,2737
112804,2738
117881,2739
132424,2740
137337,2741
140174,2742
140247,2743
140715,2744
145839,2745
146656,2746
159817,2747
163645,2748
166643,2749
171011,2750
1320,2751
5882,2752
8371,2753
909,2754
1251,2755
1273,2756
1289,2757
2164,2758
2553,2759
2732,2760
2925,2761
3221,2762
3415,2763
3730,2764
4282,2765
4399,2766
4658,2767
4914,2768
4928,2769
5004,2770
5021,2771
5810,2772
5932,2773
6239,2774
6663,2775
6666,2776
6975,2777
7063,2778
7206,2779
7247,2780
7327,2781
7396,2782
7700,2783
7748,2784
8143,2785
8157,2786
8235,2787
8253,2788
8379,2789
8879,2790
8928,2791
8974,2792
26258,2793
26326,2794
26422,2795
27156,2796
27513,2797
32657,2798
32659,2799
32875,2800
32898,2801
33781,2802
37545,2803
44719,2804
45880,2805
46062,2806
46862,2807
52885,2808
62336,2809
62644,2810
63312,2811
64278,2812
66335,2813
79224,2814
81018,2815
81562,2816
82848,2817
85796,2818
88911,2819
90522,2820
90746,2821
91094,2822
92046,2823
92427,2824
92475,2825
93114,2826
93326,2827
96606,2828
97225,2829
97304,2830
100498,2831
101072,2832
103171,2833
104283,2834
104913,2835
105250,2836
107338,2837
107565,2838
111732,2839
113374,2840
114335,2841
115203,2842
122898,2843
127146,2844
128695,2845
134170,2846
134515,2847
135143,2848
135456,2849
136018,2850
136305,2851
136564,2852
137857,2853
138208,2854
139644,2855
140928,2856
142074,2857
142448,2858
142602,2859
142961,2860
142997,2861
143859,2862
143969,2863
149406,2864
151759,2865
156607,2866
160569,2867
164280,2868
165969,2869
167370,2870
168254,2871
168492,2872
170705,2873
170875,2874
171701,2875
171759,2876
172013,2877
172461,2878
174055,2879
174141,2880
174403,2881
174737,2882
175485,2883
175661,2884
175693,2885
175705,2886
175707,2887
175743,2888
175781,2889
179073,2890
188301,2891
190183,2892
387,2893
479,2894
482,2895
522,2896
781,2897
1011,2898
1014,2899
1235,2900
1244,2901
1301,2902
1350,2903
1873,2904
1997,2905
1999,2906
2159,2907
2183,2908
2265,2909
2322,2910
2356,2911
2363,2912
2379,2913
2380,2914
2408,2915
2454,2916
2524,2917
2533,2918
2554,2919
2587,2920
2613,2921
2615,2922
2634,2923
2661,2924
2664,2925
2752,2926
2978,2927
3115,2928
3148,2929
3388,2930
3430,2931
3614,2932
3799,2933
3814,2934
3917,2935
3918,2936
3959,2937
4215,2938
4241,2939
4255,2940
4267,2941
4291,2942
4340,2943
4437,2944
4464,2945
4496,2946
4508,2947
4591,2948
4713,2949
4876,2950
4971,2951
4992,2952
5040,2953
5339,2954
5505,2955
5672,2956
5712,2957
6323,2958
6371,2959
6659,2960
6786,2961
6793,2962
6873,2963
6880,2964
7000,2965
7004,2966
7007,2967
7040,2968
7163,2969
7757,2970
7983,2971
8623,2972
26680,2973
34338,2974
39414,2975
42723,2976
45666,2977
48877,2978
52722,2979
57532,2980
59306,2981
60487,2982
33646,2983
50794,2984
51077,2985
52245,2986
54995,2987
54999,2988
56801,2989
65514,2990
69481,2991
86892,2992
93721,2993
93838,2994
110501,2995
748,2996
916,2997
1125,2998
1982,2999
1293,3000
198,3001
473,3002
518,3003
707,3004
728,3005
861,3006
897,3007
942,3008
951,3009
955,3010
1184,3011
1254,3012
1268,3013
1277,3014
1388,3015
1416,3016
1498,3017
1564,3018
1646,3019
1670,3020
1858,3021
1912,3022
2009,3023
2067,3024
2102,3025
2202,3026
2289,3027
2429,3028
2476,3029
2681,3030
2759,3031
2917,3032
2922,3033
2935,3034
2961,3035
3045,3036
3334,3037
3426,3038
3446,3039
3494,3040
3507,3041
3593,3042
3628,3043
3632,3044
3643,3045
3769,3046
3773,3047
3774,3048
3811,3049
3901,3050
3937,3051
280,3052
928,3053
1151,3054
1428,3055
1631,3056
1696,3057
1797,3058
1944,3059
2020,3060
2075,3061
3075,3062
3230,3063
3461,3064
3498,3065
3504,3066
6460,3067
2739,3068
6058,3069
6541,3070
6564,3071
27660,3072
27706,3073
27808,3074
48043,3075
49130,3076
49649,3077
50804,3078
51086,3079
59501,3080
60072,3081
60126,3082
63072,3083
67734,3084
68554,3085
68848,3086
74228,3087
78105,3088
79357,3089
80693,3090
82461,3091
83369,3092
86911,3093
87430,3094
89492,3095
89864,3096
90866,3097
96861,3098
99149,3099
102123,3100
103042,3101
103341,3102
104863,3103
106002,3104
107348,3105
107406,3106
111360,3107
113741,3108
114662,3109
114678,3110
114935,3111
115210,3112
115680,3113
118696,3114
128512,3115
135518,3116
142222,3117
143355,3118
158966,3119
161131,3120
166534,3121
168250,3122
170827,3123
171763,3124
172591,3125
173925,3126
174053,3127
175303,3128
176601,3129
179401,3130
179819,3131
182715,3132
183611,3133
184471,3134
185031,3135
187595,3136
1202,3137
1965,3138
3088,3139
4105,3140
6104,3141
7022,3142
7132,3143
7387,3144
7980,3145
8376,3146
8873,3147
27846,3148
27904,3149
30810,3150
33779,3151
45728,3152
53000,3153
54259,3154
64285,3155
67997,3156
77800,3157
86290,3158
86504,3159
89753,3160
89904,3161
92494,3162
92535,3163
95858,3164
98491,3165
102217,3166
104069,3167
365,3168
968,3169
1096,3170
1762,3171
1889,3172
2313,3173
2905,3174
3041,3175
4023,3176
4128,3177
4380,3178
4448,3179
4773,3180
4964,3181
5026,3182
5225,3183
5291,3184
5417,3185
5690,3186
5878,3187
5954,3188
6188,3189
6214,3190
6218,3191
6296,3192
6331,3193
6385,3194
6936,3195
6944,3196
7139,3197
7162,3198
7235,3199
7360,3200
7411,3201
7743,3202
7930,3203
7982,3204
8014,3205
8093,3206
8645,3207
8795,3208
8832,3209
26504,3210
27020,3211
27266,3212
27523,3213
27869,3214
33683,3215
34072,3216
42632,3217
255,3218
523,3219
535,3220
1216,3221
1326,3222
1382,3223
1541,3224
1956,3225
2257,3226
2312,3227
2316,3228
2401,3229
2956,3230
2966,3231
3029,3232
3074,3233
3201,3234
3262,3235
3444,3236
4079,3237
4149,3238
4158,3239
4203,3240
4231,3241
4465,3242
4499,3243
4537,3244
4572,3245
4581,3246
4585,3247
4611,3248
4616,3249
5023,3250
5265,3251
5548,3252
5644,3253
6022,3254
6025,3255
6124,3256
6313,3257
6636,3258
6754,3259
6832,3260
6979,3261
6996,3262
7015,3263
7027,3264
7028,3265
7046,3266
7048,3267
7127,3268
7325,3269
7493,3270
7624,3271
7647,3272
7766,3273
8024,3274
8158,3275
5628,3276
8604,3277
8605,3278
875,3279
932,3280
1017,3281
1019,3282
1292,3283
1381,3284
1515,3285
1635,3286
1703,3287
2125,3288
2334,3289
2340,3290
2385,3291
2471,3292
2560,3293
2567,3294
2662,3295
2728,3296
2803,3297
2881,3298
2950,3299
3077,3300
3452,3301
3553,3302
3554,3303
3653,3304
3675,3305
3707,3306
3786,3307
3978,3308
3981,3309
4015,3310
4068,3311
4069,3312
4124,3313
4141,3314
4326,3315
4356,3316
4372,3317
4387,3318
4388,3319
4639,3320
4677,3321
4681,3322
4823,3323
4877,3324
4969,3325
5049,3326
5400,3327
5444,3328
5541,3329
5553,3330
6193,3331
6383,3332
6595,3333
6707,3334
6753,3335
6755,3336
6879,3337
6893,3338
6939,3339
7010,3340
7137,3341
7256,3342
7320,3343
7346,3344
7454,3345
7541,3346
7566,3347
8366,3348
8677,3349
8781,3350
8807,3351
8861,3352
8866,3353
8910,3354
8947,3355
8968,3356
8985,3357
26712,3358
26778,3359
26871,3360
27473,3361
27539,3362
27705,3363
30822,3364
31049,3365
32598,3366
33154,3367
33437,3368
33672,3369
34153,3370
34542,3371
40732,3372
40959,3373
41571,3374
41573,3375
41724,3376
42018,3377
42718,3378
42738,3379
44004,3380
44709,3381
44788,3382
45431,3383
45501,3384
45720,3385
45726,3386
45928,3387
46322,3388
46948,3389
47970,3390
47978,3391
47999,3392
48342,3393
48696,3394
49274,3395
49772,3396
50658,3397
50685,3398
50740,3399
50806,3400
51709,3401
51884,3402
52287,3403
52435,3404
52458,3405
52767,3406
52975,3407
53435,3408
54004,3409
54116,3410
54121,3411
54281,3412
54734,3413
54881,3414
55052,3415
55112,3416
55190,3417
55232,3418
55253,3419
55267,3420
55282,3421
55620,3422
55830,3423
56152,3424
56251,3425
56336,3426
56339,3427
56379,3428
57951,3429
58078,3430
58107,3431
58162,3432
58347,3433
58839,3434
59126,3435
59220,3436
59258,3437
59440,3438
59731,3439
60363,3440
60514,3441
62155,3442
62293,3443
62956,3444
62999,3445
64622,3446
65188,3447
66198,3448
66665,3449
67087,3450
67267,3451
67408,3452
67618,3453
68659,3454
68952,3455
69069,3456
69394,3457
69524,3458
69784,3459
69904,3460
70492,3461
70521,3462
70990,3463
71282,3464
72167,3465
72489,3466
72591,3467
73023,3468
74154,3469
74508,3470
74668,3471
74946,3472
76751,3473
78467,3474
78703,3475
79057,3476
80860,3477
81910,3478
83134,3479
83803,3480
84772,3481
85780,3482
86293,3483
86377,3484
86833,3485
89087,3486
89470,3487
90576,3488
92420,3489
93287,3490
94959,3491
95218,3492
95624,3493
95875,3494
96110,3495
114762,3496
4744,3497
4880,3498
1172,3499
1300,3500
1955,3501
1959,3502
1962,3503
3152,3504
3359,3505
3468,3506
91077,3507
2136,3508
44193,3509
45221,3510
47122,3511
47518,3512
48414,3513
50601,3514
53460,3515
55768,3516
68135,3517
69278,3518
71518,3519
72226,3520
74647,3521
75805,3522
76293,3523
87485,3524
92509,3525
93272,3526
99106,3527
101612,3528
105037,3529
109483,3530
111320,3531
112450,3532
112788,3533
113378,3534
114074,3535
123947,3536
127202,3537
128520,3538
131013,3539
138204,3540
149354,3541
151739,3542
926,3543
949,3544
1041,3545
1185,3546
2010,3547
2360,3548
2594,3549
3089,3550
3307,3551
4103,3552
4427,3553
4546,3554
5300,3555
5304,3556
5341,3557
5434,3558
5812,3559
5867,3560
6235,3561
6244,3562
6270,3563
6301,3564
6305,3565
6591,3566
6791,3567
6852,3568
6858,3569
7087,3570
7158,3571
7234,3572
7419,3573
7889,3574
8154,3575
8183,3576
8340,3577
8341,3578
8804,3579
8838,3580
26350,3581
26578,3582
27721,3583
31522,3584
39292,3585
44937,3586
48698,3587
50274,3588
52967,3589
55069,3590
55444,3591
55814,3592
57147,3593
58103,3594
58154,3595
6303,3596
7001,3597
2318,3598
7669,3599
39446,3600
55577,3601
63436,3602
72129,3603
81535,3604
20,3605
2792,3606
164,3607
1189,3608
1192,3609
2659,3610
3197,3611
3266,3612
3425,3613
3576,3614
4887,3615
6059,3616
6952,3617
60030,3618
69654,3619
75395,3620
78266,3621
78349,3622
80363,3623
80831,3624
81417,3625
82041,3626
84189,3627
84601,3628
85397,3629
90405,3630
90469,3631
91974,3632
93297,3633
96691,3634
96917,3635
98361,3636
100810,3637
103075,3638
103688,3639
2381,3640
2383,3641
2384,3642
4386,3643
4989,3644
5065,3645
5094,3646
5106,3647
5296,3648
5414,3649
5803,3650
5874,3651
5900,3652
6006,3653
6014,3654
6249,3655
6338,3656
6484,3657
6536,3658
6550,3659
6566,3660
6586,3661
6593,3662
6686,3663
6687,3664
6702,3665
6750,3666
6752,3667
6764,3668
6886,3669
6887,3670
6946,3671
6949,3672
6958,3673
7142,3674
3155,3675
27397,3676
55442,3677
58303,3678
14,3679
55,3680
154,3681
214,3682
287,3683
299,3684
321,3685
324,3686
326,3687
331,3688
369,3689
406,3690
691,3691
722,3692
726,3693
900,3694
948,3695
971,3696
987,3697
1091,3698
1131,3699
1132,3700
1135,3701
1187,3702
1190,3703
1194,3704
1286,3705
1290,3706
1295,3707
1296,3708
1305,3709
1395,3710
1414,3711
53,3712
1140,3713
1519,3714
1596,3715
1624,3716
1683,3717
1694,3718
1730,3719
72356,3720
74553,3721
3910,3722
6464,3723
7312,3724
26974,3725
74795,3726
83177,3727
901,3728
905,3729
918,3730
936,3731
945,3732
946,3733
947,3734
950,3735
3061,3736
3097,3737
3315,3738
3599,3739
3604,3740
3606,3741
3991,3742
4300,3743
4899,3744
5092,3745
5480,3746
5529,3747
5621,3748
6271,3749
6402,3750
6604,3751
6650,3752
6783,3753
7067,3754
7209,3755
7297,3756
7381,3757
8238,3758
8372,3759
8814,3760
8978,3761
25887,3762
26183,3763
26184,3764
26265,3765
26429,3766
26645,3767
27619,3768
27826,3769
31851,3770
31925,3771
32060,3772
32243,3773
32596,3774
33090,3775
33830,3776
34312,3777
34332,3778
35807,3779
37384,3780
37444,3781
40339,3782
40962,3783
41828,3784
42013,3785
42725,3786
42761,3787
44773,3788
44777,3789
44851,3790
46105,3791
47725,3792
47736,3793
48520,3794
48649,3795
48982,3796
49013,3797
49735,3798
50613,3799
50999,3800
51167,3801
51575,3802
53280,3803
53355,3804
53578,3805
55269,3806
58291,3807
60289,3808
60737,3809
62008,3810
64116,3811
65588,3812
66798,3813
66943,3814
67888,3815
69211,3816
69304,3817
69469,3818
69720,3819
70697,3820
72178,3821
72624,3822
72692,3823
72701,3824
73015,3825
73042,3826
73160,3827
73822,3828
74342,3829
74683,3830
74698,3831
76143,3832
76301,3833
77688,3834
78142,3835
78620,3836
79684,3837
79897,3838
80727,3839
81087,3840
81537,3841
82854,3842
83910,3843
83969,3844
84246,3845
84512,3846
84944,3847
85295,3848
85881,3849
86059,3850
86298,3851
87834,3852
88069,3853
88746,3854
88785,3855
88812,3856
89898,3857
90717,3858
91355,3859
91386,3860
91666,3861
92643,3862
93006,3863
93022,3864
94661,3865
95633,3866
95843,3867
96608,3868
96935,3869
97836,3870
98279,3871
99117,3872
99122,3873
99130,3874
99853,3875
100390,3876
100507,3877
101283,3878
102378,3879
102686,3880
102747,3881
102984,3882
103602,3883
104339,3884
104875,3885
105540,3886
105746,3887
106594,3888
106927,3889
107951,3890
108078,3891
108949,3892
109241,3893
109596,3894
111146,3895
113252,3896
113453,3897
115111,3898
116718,3899
116738,3900
116817,3901
117109,3902
118270,3903
118530,3904
118572,3905
118834,3906
118862,3907
118894,3908
119714,3909
120813,3910
121007,3911
121097,3912
121338,3913
121342,3914
121469,3915
121781,3916
122092,3917
124273,3918
124404,3919
125970,3920
125974,3921
126088,3922
126577,3923
126921,3924
127052,3925
127134,3926
128087,3927
128089,3928
128366,3929
128594,3930
128852,3931
128944,3932
128968,3933
129011,3934
129354,3935
130452,3936
130518,3937
130520,3938
131098,3939
131104,3940
131130,3941
131439,3942
131610,3943
131826,3944
132153,3945
132422,3946
132496,3947
132584,3948
132800,3949
133712,3950
133867,3951
133879,3952
134004,3953
134334,3954
134847,3955
135777,3956
135937,3957
136341,3958
136353,3959
136355,3960
136359,3961
136503,3962
136834,3963
139157,3964
139640,3965
139994,3966
140133,3967
140481,3968
140541,3969
140561,3970
140711,3971
141513,3972
141544,3973
141646,3974
141830,3975
141928,3976
142196,3977
142444,3978
142550,3979
142831,3980
143031,3981
143559,3982
144222,3983
145491,3984
146244,3985
146684,3986
146986,3987
147410,3988
147936,3989
148632,3990
148775,3991
149350,3992
149352,3993
149508,3994
149566,3995
150554,3996
153386,3997
153408,3998
155589,3999
156025,4000
156781,4001
157296,4002
157775,4003
158398,4004
158882,4005
159069,4006
160567,4007
163527,4008
164200,4009
164226,4010
164707,4011
167018,4012
167380,4013
167772,4014
167854,4015
169912,4016
170837,4017
170993,4018
171751,4019
171811,4020
172321,4021
173253,4022
174681,4023
176621,4024
176805,4025
177185,4026
177765,4027
179211,4028
181065,4029
182293,4030
182297,4031
182299,4032
182731,4033
184349,4034
184791,4035
68,4036
81,4037
85,4038
116,4039
581,4040
617,4041
735,4042
766,4043
791,4044
896,4045
1034,4046
1116,4047
1137,4048
1144,4049
1366,4050
1411,4051
1417,4052
384,4053
464,4054
533,4055
1241,4056
1321,4057
1337,4058
1340,4059
1760,4060
1771,4061
1974,4062
1981,4063
2117,4064
2122,4065
2138,4066
2298,4067
2419,4068
2456,4069
2522,4070
2625,4071
2651,4072
2782,4073
2784,4074
2790,4075
2817,4076
2868,4077
2992,4078
3013,4079
3018,4080
3153,4081
3182,4082
3267,4083
3563,4084
3727,4085
3768,4086
3810,4087
3840,4088
4092,4089
4109,4090
4214,4091
4254,4092
4304,4093
4316,4094
4438,4095
4587,4096
4599,4097
4624,4098
4645,4099
4661,4100
4678,4101
4774,4102
4800,4103
4850,4104
4909,4105
4987,4106
5165,4107
5294,4108
5346,4109
5438,4110
5479,4111
5588,4112
5640,4113
5650,4114
5749,4115
6203,4116
6219,4117
6283,4118
6327,4119
6375,4120
6395,4121
6461,4122
6620,4123
6629,4124
6638,4125
6678,4126
6731,4127
6744,4128
6820,4129
6963,4130
7118,4131
7308,4132
7492,4133
7561,4134
7650,4135
7802,4136
8016,4137
8147,4138
8266,4139
8426,4140
8501,4141
8507,4142
8581,4143
27317,4144
27873,4145
2114,4146
2398,4147
54190,4148
1606,4149
2103,4150
1529,4151
1659,4152
2280,4153
2600,4154
3071,4155
3690,4156
4126,4157
4732,4158
4954,4159
5027,4160
5072,4161
5246,4162
5247,4163
5619,4164
5792,4165
6051,4166
6288,4167
6367,4168
1942,4169
3819,4170
5109,4171
5420,4172
71745,4173
79139,4174
1958,4175
2262,4176
3244,4177
5380,4178
6183,4179
6785,4180
