movieId,usersIds
1,1,5,7,15,17,18,19,21,27,31,32,33,40,43,44,45,46,50,54,57,63,64,66,68,71,73,76,78,82,86,89,90,91,93,96,98
3,1,6,19,32,42,43,44,51,58,64,68,91,100
6,1,6,11,18,23,24,28,32,44,45,57,62,64,68,79,82,84,91
47,1,4,6,8,13,14,15,16,17,18,19,26,28,39,41,42,43,47,54,56,58,62,63,64,66,68,72,75,76,81,82,91,94
50,1,5,6,7,8,16,17,18,23,24,28,29,32,33,35,38,39,41,42,45,46,54,57,58,60,61,63,64,66,68,69,72,80,84,88,91,96
70,1,18,19,34,45,51,57,64,68
101,1
110,1,5,6,8,11,14,17,18,28,30,33,34,38,40,42,43,45,46,49,54,56,57,58,59,62,63,64,66,68,72,81,82,83,91,93,94,96
151,1,6,33,38,40,57,64,75,91
157,1
163,1,6,18,34,38,40,42,64,68,82,91,99
216,1,6,19,22,40,45,58,68
223,1,9,18,19,33,38,40,42,45,58,64,66,68,84,88,91,100
231,1,6,8,14,18,19,25,35,37,40,42,43,45,46,56,58,63,64,68,81,82,91,94,99
235,1,4,8,18,19,35,38,40,57,61,84,91,100
260,1,4,7,15,16,17,18,19,21,25,27,28,30,32,39,42,44,45,51,52,57,59,62,63,64,66,68,69,71,72,73,75,76,77,78,79,82,84,86,90,91,93,95,96
296,1,4,5,6,8,10,14,15,16,17,18,21,23,24,26,28,29,32,33,37,38,39,40,41,42,43,45,50,54,56,57,58,62,63,64,66,67,68,69,72,74,76,78,81,84,91,94,96,99,100
316,1,5,6,19,24,27,28,29,35,37,40,42,43,45,46,51,56,57,64,68,81,91,93,94,99
333,1,2,6,19,42,45,51,56,58,64,68,69,99
349,1,5,6,11,26,28,37,42,43,46,56,57,58,84,91,93,99
356,1,6,7,8,10,11,14,15,16,17,18,19,21,22,24,26,27,28,29,33,34,37,38,41,42,43,45,47,49,50,52,54,56,57,58,62,63,64,66,67,68,69,70,72,76,78,81,82,83,84,86,89,91,93,94,98,100
362,1,6,19,20,40,43,45,58,60,93
367,1,5,6,8,14,18,19,21,27,38,40,43,45,46,56,57,58,59,63,64,68,81,82,91,93,94,96
423,1,19
441,1,4,45,68,100
457,1,4,5,6,8,11,18,19,24,26,28,33,37,38,39,40,42,43,45,46,54,56,57,58,66,68,72,79,81,84,86,91,94
480,1,6,7,8,11,14,17,18,19,21,27,28,38,43,45,54,56,57,58,59,63,64,66,68,76,78,79,81,82,83,84,86,91,93,94,95,96
500,1,6,8,18,19,21,38,43,45,47,54,57,58,63,64,68,84,91,94
527,1,3,5,6,8,14,15,16,17,18,25,28,32,33,38,42,49,51,57,58,59,60,62,63,64,65,68,70,72,84,85,88,93,96
543,1,6,12,19,45,58,64,91
552,1,6,14,24,36,38,42,43,45,57,58,59,68,91,93
553,1,4,6,14,28,32,40,42,43,57,64,68,69,76,91,100
590,1,5,6,8,14,17,18,27,28,35,37,38,40,42,43,45,46,47,54,57,58,64,66,68,72,78,82,84,86,91,93,94,100
592,1,5,6,7,8,14,17,19,21,26,28,32,35,37,38,39,40,42,43,46,54,56,57,58,63,66,68,75,81,82,84,91,94,99,100
593,1,4,6,7,8,11,14,16,17,18,24,26,28,32,33,37,38,39,41,42,45,46,47,50,51,54,56,57,59,61,62,64,66,68,69,72,76,78,80,84,91,93,94,97,98
596,1,5,6,15,20,39,43,50,57,58,64,68
608,1,4,5,6,16,18,23,24,28,32,33,39,41,50,57,59,63,64,66,68,71,74,76,78,84,90,91,95,98
648,1,4,7,11,18,19,21,27,31,32,38,42,43,44,45,57,58,59,63,68,71,72,78,80,82,86,91,93,96,100
661,1,19,20,27,32,37,43,44,51
673,1,18,19,27,44,55,57,76
733,1,11,19,21,24,28,31,32,42,44,45,52,56,57,59,71,82,84,91,93,96
736,1,6,11,19,27,28,31,32,38,44,57,58,64,68,71,84,91,93
780,1,6,7,11,15,17,18,21,24,27,28,29,31,32,34,42,44,45,48,57,58,59,63,64,66,68,71,72,78,82,86,90,91,96
804,1,51
919,1,4,18,20,33,36,45,51,64,66,68,84,91,100
923,1,9,16,18,23,50,57,68,74,76,83,84,91,100
940,1,57
943,1
954,1,66,84,89
1009,1,51,84
1023,1,66,84
1024,1,51
1025,1,4,20,39,68
1029,1,20,39,45,64,68
1030,1,20,57
1031,1,19,20,68
1032,1,17,19,20,39,57,68
1042,1,6,22,28,42,45,64,68,84,95
1049,1,6,19,53,57,66,68,93
1060,1,4,33,42,45,57,64,68,90
1073,1,4,6,19,20,31,32,37,39,43,45,58,63,64,66,68,71,84,90,91
1080,1,4,18,23,28,32,45,50,57,61,63,66,76,89,91
1089,1,16,17,18,19,23,28,39,41,42,61,62,63,64,66,68,76,82,91,95,96
1090,1,17,36,42,51,59,61,64,66,68,75,83,84
1092,1,19,28,57,64,82,84,91
1097,1,19,20,27,39,41,42,45,47,49,59,62,63,64,68,70,84,86,91,93,96
1127,1,19,27,39,42,45,57,66,68,79,82,91
1136,1,4,16,18,19,23,28,29,31,39,45,50,57,63,64,66,68,76,84,87,89,91
1196,1,4,7,15,16,17,18,19,21,27,28,30,31,32,39,42,45,51,52,57,59,62,63,64,66,68,69,72,75,76,77,79,82,84,86,91,95
1197,1,4,16,17,19,24,27,28,31,32,39,42,45,57,64,66,68,79,84,89,91,98,100
1198,1,4,9,13,15,16,17,18,19,21,24,25,27,28,29,30,31,32,39,45,50,52,57,62,63,66,68,72,75,77,78,82,84,91,95,96
1206,1,17,18,23,28,41,50,57,66,68,73,74,76,83,91,95
1208,1,7,16,18,23,28,29,41,50,57,59,61,63,64,68,74,76,84,91,95
1210,1,7,11,15,17,18,19,21,27,28,30,33,39,42,44,45,52,57,59,62,63,64,66,68,69,70,71,72,77,79,82,84,86,91,95,96,97
1213,1,4,16,17,18,23,28,29,33,39,41,42,45,61,63,64,66,68,76,84,91,100
1214,1,15,16,18,19,21,23,28,31,39,41,49,51,61,63,64,66,68,75,76,80,82,84,91,95,96,98
1219,1,4,7,16,18,19,39,41,59,68,74,84,91,98
1220,1,7,24,57,63,68,76,79,84,91,96,100
1222,1,16,17,18,23,27,28,29,36,41,42,57,59,63,64,66,68,79,83
1224,1,29,32,51,59,66
1226,1,57
1240,1,7,15,17,18,19,21,28,30,31,45,57,64,66,68,71,75,78,79,91,95,98
1256,1,19,28,53,57,89
1258,1,17,19,23,39,41,45,50,61,64,66,68,69,76,80,83,84,91,98
1265,1,4,12,15,19,21,24,31,41,42,45,47,57,62,63,64,66,68,84,86,89,91,93,100
1270,1,7,9,15,17,18,19,21,27,29,31,39,42,45,57,62,63,66,67,68,70,72,78,82,83,84,89,91,95,98,100
1275,1,3,18,28,55,57,66,68,75
1278,1,19,31,36,50,57,63,68,76,89,91,100
1282,1,4,20,31,39,45,57,63,64,68,83
1291,1,4,17,18,19,21,30,39,45,50,57,62,63,67,68,75,78,79,82,83,84,91,95,96
1298,1,51,53,91
1348,1,64,74,83
1377,1,19,45,50,57,68,82,91,93
1396,1,19,24,27,36,39,45,64,91,95
1408,1,11,29,39,64,68,84,91
1445,1
1473,1
1500,1,4,19,33,36,39,42,45,51,57,66,68,91,100
1517,1,4,7,18,19,28,42,44,45,57,64,66,68,82,89,91,100
1552,1,11,19,42,44,57,59,64,68,78,82,91,93
1573,1,11,19,21,42,45,57,59,68,82,91
1580,1,4,18,19,21,24,27,28,33,34,42,45,47,48,50,51,57,59,62,63,64,67,68,69,79,82,89,91,93,100
1587,1,3,28,68,96
1617,1,4,7,16,18,19,23,28,29,33,36,39,42,57,59,63,64,68,74,91,95,96
1620,1,57,68
1625,1,18,19,28,42,48,59,64,66,68,80,88,96
1644,1,19,42,64,68,91
1676,1,18,19,45,57,68,80,83,91,93
1732,1,4,17,18,19,28,41,45,50,62,63,64,68,73,76,88,89
1777,1,19,33,41,45,51,64,68,100
1793,1
1804,1
1805,1,18,19,33,42,51,64,68,91
1920,1,19,27
1927,1,59
1954,1,7,18,39,57,68,70,79,91
1967,1,4,17,19,39,51,64,68,91,95
2000,1,18,19,21,28,42,57,63,66,68,78,79,82,91,96
2005,1,17,19,20,45,55,57,64,68,100
2012,1,9,15,18,19,21,27,28,36,45,61,62,67,68,82,91,93
2018,1,3,20,39,50,64,68
2028,1,11,15,17,18,24,25,28,29,33,41,42,45,47,49,57,59,62,63,64,65,66,67,68,73,79,82,83,86,91,93,95,96,97,100
2033,1,19,20,51
2046,1,19,27,45,68
2048,1,19,20
2054,1,19,20,27,51,57,64,68,91,93,96
2058,1,18,22,28,33,91,96
2078,1,4,19,20,39,45,63,64,68,75
2090,1,3,20
2093,1
2094,1,19,27,42,45,57,68,93
2096,1,20,45,68,91
2099,1
2105,1,3,19,28,42,45,88,93,95
2115,1,18,19,21,24,27,41,42,45,48,57,62,63,64,66,68,75,82,83,91,95,96
2116,1,20
2137,1,19,20,39,51,91
2139,1,19,66,68,87,92
2141,1,20
2143,1,19
2161,1,20,27,64,68,93
2174,1,4,13,19,21,27,39,45,57,59,61,64,68,91,93,96
2193,1,19,28,57,64,68,75,93
2253,1,19
2268,1,18,28,33,41,42,45,57,64,66,68,91,93,95
2273,1,21,24,34,57,64,68,82
2291,1,18,33,47,51,57,64,66,68,80,91,100
2329,1,15,16,17,18,28,41,42,45,62,63,64,65,67,68,72,100
2338,1,19,68
2353,1,7,28,42,48,57,68,91,96
2366,1,39,70
2387,1,19
2389,1,83
2395,1,4,64,68,89,91
2406,1,4,19,27,36,42,57,64,68,79,100
2414,1,19
2427,1,16,28,42,55,59,64,68,72,79
2450,1,19,64,91
2459,1,39
2470,1,18,19,45,51,57,64,66,68,80
2478,1,19,27,42,57,68,88
2492,1,42,45
2502,1,17,19,28,42,45,64,66,68,73,76,91,100
2528,1,19,45,95
2529,1,7,21,27,39,57,75,91
2542,1,18,23,28,33,55,63,64,68,88,91
2571,1,4,10,13,15,16,17,18,19,21,24,25,28,30,33,34,39,41,42,45,48,49,50,52,57,59,62,63,64,66,67,68,69,72,75,76,77,78,79,80,82,86,91,95,96,97
2580,1,28,33,39,42,45,51,55,57,64,66
2596,1
2616,1,45,53,57,59,68
2617,1,19,20,21,24,34,48,51,57,62,64,66,68,82,91,93
2628,1,4,7,19,21,27,28,34,42,45,57,62,66,68,69,75,76,82,86,91,93,96
2640,1,7,19,27,57,64,68,75,95
2641,1,16,19,42,51,57,91
2644,1,51,74
2648,1,66
2654,1,91
2657,1,19,20,45,50,64,68,91
2692,1,4,18,39,41,63,64,68,74,79,91,95
2700,1,19,20,21,39,42,45,57,64,66,68,82,91
2716,1,19,21,28,42,45,57,63,66,68,78,89,91,96,100
2761,1,20,23,29,57,64,91
2797,1,19,45,47,48,51,57,64,66,68,91,93
2826,1,51,64,68
2858,1,4,7,10,15,16,17,19,21,28,39,41,45,57,63,64,66,67,68,70,72,73,74,76,83,86,96
2872,1,29,51,93
2899,1
2916,1,15,19,21,24,28,45,51,57,64,68,79,91,93
2944,1,27,28,29,45,59,79,91,96
2947,1,21,39,45,50,57,68,79,91,96
2948,1,21,68,82,96
2949,1,21,57,68,91
2959,1,4,10,15,16,17,18,19,21,22,28,34,41,42,45,47,50,52,62,63,64,65,66,67,68,76,80,86,91
2985,1,19,21,27,28,45,57,68,91,95
2987,1,19,20,39,42,45,57,59,64,66,68,82,89,91
2991,1,21,78
2993,1,21,68,91
2997,1,4,18,19,28,39,42,45,57,63,64,68,74,89,91
3033,1,4,19,27,28,42,45,57,64,66,68,95,96
3034,1,19,20,39,50,68,75
3052,1,18,19,28,34,42,45,64,66,68,82
3053,1,95
3062,1,27,79
3147,1,15,17,18,24,28,45,47,62,64,65,68,70,80,83,91
3168,1,27,50,68,92
3176,1,4,19,28,42,45,64,68,75,91,96
3243,1,19,45
3247,1,19,27,42,45,64,68
3253,1,18,19,21,42,45,51,57,64,68,82
3273,1,19,45,64,68,74
3386,1,4,28,57,59,60,64
3439,1,45
3440,1,19
3441,1,29,42,57
3448,1,19,27,42,59,68,97
3450,1,19,42,59,64,68
3479,1,19,27,57,59
3489,1,4,19,21,22,27,34,45,51,57,59,64,68
3527,1,42,57,68,80,95
3578,1,2,7,10,13,15,18,19,20,21,22,24,25,28,29,41,42,45,57,62,63,66,68,77,79,82,83,86,91,96,97
3617,1,15,21,34,42,45,63,64,68,82
3639,1,21,57
3671,1,19,51,57,64,68,69,73,76,91
3702,1,17,18,28,68,79,95
3703,1,3,68,82,91,95
3729,1
3740,1,19,57,66,68,91
3744,1,19,20,82
3793,1,7,13,18,19,20,21,28,34,39,42,45,48,62,63,64,68,69,73,82,86,91,95,97
3809,1,4,19,27,51,64,66,68,78,91
4006,1
5060,1,27,31,51,57,59,84,91
318,2,5,6,8,11,14,15,16,17,18,22,24,28,29,30,32,33,34,36,37,38,40,42,43,46,47,49,50,52,54,56,58,60,61,62,63,64,65,66,67,68,69,70,72,76,78,80,81,83,84,86,88,91,93,94,99
1704,2,4,11,16,18,21,24,28,33,36,41,42,45,52,57,62,63,64,66,68,70,85,91,93,98
6874,2,15,18,21,22,23,28,34,41,50,52,61,62,63,64,66,68,73,76,80,83,88,91
8798,2,7,18,21,22,28,64,65,66,68,80,91
46970,2,68
48516,2,7,17,18,22,28,29,41,52,55,62,63,68,74,80,88
58559,2,10,15,16,17,18,21,22,24,25,28,30,50,51,52,60,62,63,65,68,73,76,77,80,83,86,88
60756,2,18,62,68,73
68157,2,17,18,22,24,25,41,62,67,68,73,76,88
71535,2,52,62,63,68,73,80,83,89
74458,2,18,25,50,52,62,63,65,68,73,76,80,98
77455,2,17,63,76
79132,2,15,16,17,18,21,24,25,30,41,49,50,52,62,63,65,67,68,73,76,77,80,83,86,88,98
80489,2,18,29,80
80906,2,41,68
86345,2
89774,2,50,65,68
91529,2,10,15,16,18,21,24,25,30,41,62,63,68,73
91658,2,18,47,62,63,80
99114,2,15,18,21,29,41,50,62,67,68,73,76
106782,2,10,18,21,47,50,62,68,73
109487,2,10,15,18,21,30,49,50,62,65,73,77,98
112552,2,18,41,47,50,62
114060,2,18
115713,2,15,18,41,62
122882,2,15,21,41,50,52,62,68
131724,2
31,3,6,28,40,47,58,68,84
647,3,6,28,42,59,64,68,71,84
688,3
720,3,19,20,57
849,3,15,16,18,19,32,44,45,51,57,66,93
914,3,4,20,29,33,50,84,100
1093,3,17,42,51,66,72
1124,3,42,68,84
1263,3,17,50,59,64,74,84
1272,3,29,51,70,84
1302,3,31,42,45,51,64,66,68,70,80,84
1371,3,18,19,28,45,51,57,84
2080,3,20,27,33,39,45,57,64,68
2288,3,21,57,66,68,91
2424,3,19,21,24,34,42,68,89,93
2851,3
3024,3
3210,3,22,42,64,68
3949,3,15,16,17,18,22,23,28,41,47,50,51,61,62,63,64,68,74,91
4518,3,51
5048,3,89
5181,3
5746,3
5764,3
5919,3
6238,3,66
6835,3
7899,3
7991,3
26409,3
70946,3
72378,3,18,21,28,50,73,98
21,4,5,6,8,28,32,33,35,38,40,42,45,54,57,58,66,84,91,94
32,4,6,8,14,18,19,23,24,28,32,33,39,45,46,50,54,57,58,61,63,64,66,72,78,80,81,90,91,94,95
45,4,6,64,84
52,4,32,57,84,90
58,4,5,7,23,32,33,74,90,91
106,4
125,4
126,4,6,27,40
162,4,57,95
171,4,6,57
176,4,95
190,4
215,4,41
222,4,6,12,35,38,58,100
232,4,5,33,84
247,4,5,51,68,84
265,4,5,6,32,33,40,57,58,64,84
319,4,16,19,84
342,4,6,35,38,58,84
345,4,28,32,33,58,68
348,4,6,19,84
351,4,6,14,19,40,43
357,4,5,6,8,12,19,32,34,38,41,45,57,58,63,64,66,68,82,84,89,91,93,94,100
368,4,6,11,19,38,42,45,58,68,82,84,91,93,100
417,4,57
450,4,6,19
475,4,5,6,28,33,58,74,84
492,4
509,4,6,14,33,38,40,42,58,64,84
538,4,32,84,85
539,4,6,8,14,19,32,38,43,47,57,58,68,84,91,93,95,100
588,4,5,6,7,10,15,18,19,20,21,31,33,38,39,40,43,45,46,52,54,57,58,63,64,68,76,81,82,86,89,91,93,94,99
595,4,5,6,7,18,20,27,35,38,40,41,43,45,46,54,57,58,63,64,68,82,83,86,91
599,4,28
708,4,6,19,32,42,51,58,64,68,84,90,91
759,4
800,4,33,84
892,4,57,90
898,4,28,84,89
899,4,17,20,28,50,57,84,89,100
902,4,21,27,68,84,89
904,4,16,17,18,19,23,29,36,57,59,84,91,98
908,4,18,36,39,57,64,75,84,91
910,4,17,19,68,84,89
912,4,10,16,23,31,32,42,51,57,59,63,66,68,72,75,84,91
920,4,7,12,27,41,57,68,75,84,91,100
930,4,19
937,4
1046,4,90
1057,4,19,31,84,90
1077,4,19,84,87
1079,4,19,32,42,50,51,57,64,66,84,89,91,96
1084,4,6,32,43,63,74
1086,4,18,19,32,36,59
1094,4,36,42,57,59,64,66,74,84,91,95,96
1103,4,32,68,74,84
1179,4,19,57,84
1183,4,7,32,33,57,59,64,85,90,91
1188,4,16,33,59,96
1199,4,16,23,28,50,75,83,91
1203,4,16,18,23,47,60,62,63,64,66,84,100
1211,4
1225,4,41,45,50,64,83,84,91,100
1250,4,27,29,57,59,64,70,76,83
1259,4,17,19,41,45,47,66,70,84,91
1266,4,23,28,42,57,64,66,69,75,84,91
1279,4
1283,4,57
1288,4,57,63,64,66,70,76,84,89,91,100
1304,4,27,51,57,61,70,84,91,96
1391,4,11,18,19,21,31,32,34,42,44,45,50,51,57,64,68,85,91
1449,4,66,85
1466,4,17,18,28,42,64,68
1597,4,11,19,36,42,57,68,88
1641,4,28,33,41,42,45,51,57,64,66,85,93
1719,4,33,85
1733,4
1734,4
1834,4,19,51
1860,4
1883,4,42,45,64,68
1885,4,19,33,68,91
1892,4,18,19,36,42,68
1895,4,19,68
1907,4,10,19,20,27,39,57,64
1914,4,70
1916,4,79
1923,4,7,11,19,33,42,45,52,63,66,68,82,89,91,93,100
1947,4,20,27,55,64
1966,4
1968,4,19,39,42,45,47,50,57,63,64,66,68,70,91,95,100
2019,4,7,16,17,18,23,50,57,64,66,68,76,79,91,97
2076,4,59,74,79,91
2109,4,16,57,68
2145,4,13,19,68
2150,4,15,19,27,51,57,60,68,79
2186,4,19
2203,4,19
2204,4
2282,4,51
2324,4,7,18,33,34,41,45,52,57,64,68,83,89,98
2336,4,33,57
2351,4
2359,4,19,36,93
2390,4,57
2467,4,19,23,75
2583,4
2599,4,39,57,64,66,68,89,91
2683,4,7,18,19,21,28,42,45,51,57,63,64,66,68,82,89,91,100
2712,4,41,42,45,50,64,91
2762,4,7,10,15,16,17,18,19,21,28,33,34,39,45,47,51,57,62,64,66,68,69,76,83,86,91
2763,4,19,21,28,42,45,55,59,66,68,80
2770,4,20,42,57,64,82
2791,4,19,42,45,48,51,57,63,68,76,78,79,89,91
2843,4
2874,4
2921,4,57
2926,4
2973,4
3044,4,19,57
3060,4,96
3079,4
3083,4,74
3160,4,41,57,64,68,74
3175,4,19,28,45,57,64,68,69,89,91,96
3204,4,59
3255,4,19,42,45,47,51,57,68,70,88,89
3317,4,28
3358,4,19
3365,4
3408,4,7,20,28,41,42,45,47,64,68,91
3481,4,19,22,39,42,45,51,63,64,66,68,74,89,91
3508,4,17,27,28,91
3538,4
3591,4,19,29
3788,4
3851,4
3897,4,13,20,36,45,63,64,68,88,91
3911,4,22,28,39,45,66,68,73,100
3967,4,12,20,28,83
3996,4,13,20,22,23,28,34,41,45,52,63,64,68,74,77,86,91,97
4002,4,16,42,51,64
4014,4,20,41,51,63,68,89,100
4020,4,69
4021,4
4027,4,20,22,23,24,28,41,42,63,64,66,68,69,91
4029,4,20
4033,4,45
4034,4,22,28,41,42,45,51,64,68,74,91
4074,4
4121,4
4144,4,64
4166,4
4226,4,15,16,17,18,20,22,23,28,34,41,50,61,63,64,65,66,68,73,74,76,77,80,83,86,88,91,98
4239,4,18,64,68
4246,4,7,10,20,34,41,63,64,68,82,89,100
4252,4
4260,4
4273,4
4308,4,20,45,51,64,68,100
4347,4
4381,4
4641,4,20,64,89,91
4741,4
4765,4
4881,4,28
4896,4,7,18,20,21,45,50,62,63,64,68,91
4902,4
4967,4
34,5,6,8,18,19,20,26,27,33,40,43,63,64,68,82,84,93,94,95,96
36,5,6,11,18,32,33,44,51,58,64,70,84,90,91
39,5,8,12,14,32,33,35,38,45,46,56,57,58,64,68,91,94,95
150,5,6,7,8,11,14,17,26,29,33,35,37,38,40,42,43,45,47,52,54,57,58,63,68,70,72,73,78,80,81,84,91,93,94,96,99
153,5,6,8,11,14,19,26,32,37,38,40,42,43,46,56,57,58,63,64,68,81,82,91,93,94,99
253,5,6,8,19,22,24,28,38,42,43,46,56,58,64,68,91,94,99
261,5,6,12,33,35,43,45,58,68,84,100
266,5,6,14,35,38,40,46,58,61,64,68,84,91,94,99,100
290,5,28
300,5,23,26,28,33,35,38,40,43,46,58,84
344,5,6,14,18,19,26,31,37,40,42,43,45,46,51,56,58,62,63,64,68,72,78,81,82,91,94,99
364,5,6,8,15,18,19,20,21,27,38,39,40,42,43,45,46,52,56,57,58,63,64,68,81,82,83,91,94,98
380,5,6,7,8,11,18,19,26,37,38,40,41,42,43,45,46,51,56,57,58,66,68,78,81,82,84,91,93,94,96,99,100
410,5,6,19,32,38,40,42,43,54,56,57,62,68,91,94
474,5,6,11,19,28,45,57,58,84,91
515,5,6,40,57,75,84,85,91
531,5,6,20,68,87
534,5,84
589,5,6,7,11,15,17,18,19,21,28,30,33,34,39,43,45,51,54,56,57,58,59,63,64,66,67,68,69,71,72,75,76,78,79,81,82,91,94,95,96
594,5,6,20,39,43,45,57,58,68,91,100
597,5,6,8,10,13,14,19,21,38,41,42,43,45,47,51,57,58,64,68,84,91,94,100
2,6,8,18,19,20,21,27,51,62,68,82,91,93,94
4,6,14,84
5,6,31,43,45,58,66,68,84
7,6,14,19,31,32,33,42,43,45,51,58,68,71,84,90,95
8,6,20,43
10,6,8,11,19,21,26,31,34,42,43,46,56,57,59,63,68,81,82,84,91,93,94,99
11,6,8,33,35,38,42,43,45,56,57,68,84,89,94,100
13,6,19,20
15,6,19,93
16,6,18,28,42,61,64,68,88,91,100
17,6,31,33,38,40,54,68,71,84,90,94,100
19,6,14,19,21,40,42,45,56,58,64,66,68,91,94,100
22,6,42,58,64,91,99
24,6,32,71
25,6,14,31,32,33,36,64,68,84,90,91,95
26,6,32,40,68
27,6
41,6,9,59,91
43,6,33
46,6,40,84
54,6,19
60,6,27,35,40,43,60,87,93
61,6
62,6,27,28,31,32,35,38,40,45,47,58,68,71,84,100
65,6,19,44,45,51,57,68
66,6,44
76,6,51
79,6,43
86,6,42,71,93
87,6,19
88,6,45,89,91
89,6,57,100
92,6,19,91
93,6,51
95,6,11,14,28,32,42,43,44,57,68,71,84,91,94,100
100,6,32,84
102,6,19,43,84
104,6,18,19,40,42,44,45,57,64,68,82,89,91,100
105,6,14,38,59,84
112,6,44,45,57,64,91
113,6,84
135,6,19,42,44,68
140,6,32,68,84
141,6,8,19,31,32,42,44,47,51,57,58,64,68,84,90
145,6,18,21,28,34,82,99
146,6,40
158,6,15,19,20,27,40,43,57,68,76,82,91,93
159,6,40,64
160,6,46,56,57,64,68,71,91,94,99
161,6,19,28,33,38,42,43,46,54,56,58,81,83,84,91,94,99
165,6,7,11,18,19,21,24,26,29,31,37,40,42,43,45,46,50,56,58,63,68,71,72,78,81,82,84,86,91,94,99
168,6,12,38,40,42,43,48,58,68,75,93,99,100
170,6,11,19,21,29,51,68,82
174,6,43
177,6,51
179,6
180,6,18,45,68,84
181,6,66,84
185,6,8,19,26,35,42,43,45,46,56,57,58,64,68,82,91,94
186,6,8,19,40,42,45,51,55,58,64,91
189,6
191,6
195,6,42,84
196,6,19,56,58,82,91,99
201,6
204,6,16,99
205,6,40,54
207,6,64,68
208,6,8,11,18,19,26,38,40,43,46,56,57,58,63,66,68,71,81,91,94
209,6
210,6
212,6
217,6,43
218,6,40,58
219,6
224,6,28,32,38,40,57,58,66,84
225,6,26,42,43,46,56,58,84,91,94,99
230,6,33,40,51,84
234,6,42,57,58,84,99,100
236,6,8,32,35,40,42,43,46,51,64,84,91,99
237,6,35,38,84,100
239,6,20
240,6
243,6
248,6,45,58,66,84,99
250,6
251,6,91
252,6,8,19,32,35,38,40,42,45,68,91,99
254,6
256,6,12,15,19,40,43,68,99
257,6,42,99
258,6,19,93
262,6,20,43,87
267,6,40
270,6,84
271,6,43
273,6,19,38,40,66,74
274,6
276,6,42,43,58,68,84,99
277,6,12,43,58,84
279,6
281,6,40,99
282,6,8,14,32,38,46,58,66,68,94,99
288,6,14,18,26,41,42,43,46,54,56,58,76,81,91,94,99
289,6,19,84
291,6,19
292,6,8,11,37,38,40,42,43,45,46,56,58,68,91,94,99
293,6,15,16,17,18,19,21,23,28,33,41,52,58,61,62,63,64,66,67,68,82,91,95,99
302,6,33,84
303,6,42,57,68,82
304,6
310,6
312,6,40,99
313,6
314,6,32,40,85
315,6,36,46,56,58,91,99
317,6,8,20,38,40,43,45,51,56,58,64,68,76,82,94
327,6,32,40,51,58,87,92
329,6,18,19,37,38,40,43,45,54,56,57,81,91,93,94
330,6,19,40
332,6,19
336,6
337,6,14,18,28,32,33,38,40,58,66,68,74,82,91,94,99
339,6,8,14,19,31,32,33,35,38,40,43,46,51,54,58,68,84,93,99
340,6
343,6,43
347,6
350,6,19,38,40,42,43,58,59,64,68,84,91
352,6
353,6,19,28,32,40,42,58,64,91
354,6,84
355,6,15,21,38,43,57,64,68
358,6,95
359,6
360,6,42
361,6,32,42,68,84
366,6,19
370,6,18,19,21,45,56,64,68,78,82,91
371,6,9,40,58,84
374,6,18,19,43,91
377,6,8,11,14,18,19,28,31,34,38,43,51,54,57,58,63,64,68,72,78,79,81,84,91,94,96,97,100
378,6,19,84
381,6,42,53,84
382,6,43,57,74
383,6,14,40,42,51
405,6
412,6,84
415,6,42,66,84
416,6,99
419,6,43,58,86
426,6
432,6,8,19,38,40,42,43,46,64,68,91,94
434,6,11,14,19,26,38,40,42,43,46,56,57,68,91,93,94,96,99
435,6,18,19,21,38,40,43,45,46,58,64,68,75,84,91,94,99
437,6
440,6,8,19,32,38,40,45,57,58,68,84
445,6,19,84
454,6,8,23,26,38,40,43,46,54,56,58,68,82,84,91,96
455,6,14,19,27,58,60,68
458,6
460,6
466,6,7,11,18,19,38,42,45,51,64,68,78,82,91
468,6,19,38,42,51,84
469,6,54
472,6,19
477,6,14,33,58,84
485,6,19,38,42,57,66,68,91
489,6
490,6,19,33,42
491,6,14,40,84
493,6,11,56
494,6,19,44,57,71,91
497,6,19,32,33,38,51,57,58,100
502,6,18,43,91
505,6,51,83
508,6,14,18,28,33,38,47,58,68,70,84,100
510,6
516,6,57,66
520,6,19,42,43,45,51,57,58,64,68,91
524,6,14,28,42,84
532,6,43,84
536,6
537,6,19,57,84,100
540,6,14,19,42,58
542,6,19,43
546,6,19,45,68,78
548,6,36,42
569,6,45
575,6,19,43
587,6,7,8,19,43,45,47,57,58,64,68,84,91,94,100
606,6,19,91
609,6,40,43,71
616,6,40,43,51,58,68
628,6,18,32,42,64,66,68,84,91
631,6,43
637,6,19,66,68,84
640,6,19
662,6
667,6,44
694,6,32
697,6,64
700,6
704,6
709,6,19,20,68
710,6
711,6,19,43
719,6,19,21,32,51,84
747,6
762,6,19,57,64,66,68,84
765,6,45
775,6
783,6,19,20,27,31,43,45,50,57,60,64,68
795,6
799,6,19,32,66,91
801,6,20,27,71
802,6,32,68,71,84,91
818,6,19,84,90
830,6,12,19,68,84
835,6
837,6,19,20,50,71,92
838,6,12,33,57,68,84,100
839,6,19
842,6,19,44,91
848,6
852,6,19,31,32,44,45,68,71,84
867,6
880,6,19,32,42,53,57
881,6,19
888,6
891,6,44
979,6
981,6
986,6,19,20,27
991,6,57
996,6,28,32,36,42
999,6,57
1004,6,66,71
1006,6
1061,6,32,37,42,64
1064,6,19,43
1082,6,84
750,7,16,17,23,29,41,50,57,59,76,83,89,91
924,7,18,19,23,27,28,29,39,41,42,45,50,51,57,59,63,64,68,69,73,75,83,91,95
1101,7,11,27,28,42,45,50,57,61,64,68,69,71,82,84,91,100
1246,7,18,24,31,42,45,62,65,66,70,83,84,91,100
1584,7,11,19,27,28,39,41,45,48,57,68,85,87,91,95
1610,7,19,28,33,39,42,45,57,59,62,66,68,69,75,79,91,96
1682,7,18,24,28,33,34,41,42,45,50,57,62,63,64,65,66,68,70,73,76,83,89,91
1784,7,10,11,18,19,24,33,41,42,45,51,52,57,64,66,68,93,100
1917,7,11,18,19,61,64,66,68,69,91,93
2671,7,10,21,34,41,42,47,59,68,100
2688,7,42,68
2701,7,19,20,28,51,57,68,82
2717,7,12,17,19,21,68,91
3114,7,19,20,21,27,45,50,57,62,64,68,89,91,98
3354,7,64,91
3623,7,19,20,21,48,63,68,80,82,91,97
3869,7,21,42,78
3916,7,28,41,64,68
3977,7,13,20,34,42,62,68,82,89,91
3994,7,15,18,20,28,51,62,64,68,69,91,95
4018,7,12,15,42,47,51,68,82
4223,7,28,29,62,63,64,68,80
4306,7,10,15,18,20,21,22,34,41,45,50,62,63,64,66,67,68,70,73,75,82,83,86,89,91,97,98
4310,7,20,34,63,64,68,82,83,86
4370,7,15,20,28,64,69,83,95
4643,7,18,20,34,68,69,97,100
4700,7,20,21,68,89
4844,7
4874,7,28,34,63,69
4886,7,15,18,20,21,22,45,48,50,51,63,64,66,67,68,73,80,82,86,89,91
4963,7,18,21,41,45,62,63,68,69,76,80,83,86,88,91,97
4993,7,9,10,15,16,17,18,20,21,22,25,28,30,45,61,62,63,64,65,66,67,68,75,77,82,83,86,88,91,97
4995,7,10,15,18,20,22,24,28,36,62,63,68,70,73,80,83,88,98,100
5218,7,9,18,20,21,45,49,50,63,64,68,82,89
5349,7,18,20,21,28,34,45,48,62,63,66,68,77,80,82,83,91,95
5378,7,9,20,21,28,34,45,51,62,63,68,77,91,95,97
5445,7,9,15,18,20,21,24,28,45,48,62,63,64,66,68,75,76,80,82,86,91,95
5459,7,18,21,34,50,51,62,66,68,82,91
5464,7,18,22,28,29,36,63,66,68,91,95
5502,7,20,28,45,62,64,68,80
5618,7,15,16,17,20,23,41,50,62,63,66,68,87,91,95,98
5816,7,18,20,21,22,41,50,51,62,64,68,77,95
5952,7,9,10,15,16,17,18,20,21,25,28,30,34,41,61,62,63,64,66,67,68,75,76,77,83,86,88,91,95
5989,7,15,18,20,21,28,41,45,47,62,63,68,77,80,88,91,100
5991,7,20,47,64,68,82
6333,7,18,20,28,34,45,48,62,64,66,68,73,91,95
6365,7,18,20,21,28,45,62,63,64,68,80,91,95
6534,7,18,28,62,68,82,95
6539,7,18,21,22,28,34,41,45,50,62,63,64,66,67,68,73,76,77,80,82,83,86,91
6863,7,18,62,64,68,73,82,89,91,95,98
6934,7,18,21,28,34,51,62,63,68,76,80,95
7143,7,21,24,28,62,66,68,76,83
7153,7,10,16,17,18,21,22,25,28,30,52,61,62,63,64,65,66,67,68,75,76,77,82,83,86,88,91,98
7155,7
7445,7,28,41,52,64,68,80
8207,7,28,74
8360,7,15,18,21,45,62,64,66,68,73,75,89
8368,7,18,21,50,62,64,68,91
8373,7
8528,7,45,64,68,78,89
8636,7,10,21,23,28,34,45,48,62,66,68,73,77,91,95,100
8665,7,10,18,21,28,45,52,63,66,68,80,88
8666,7
8783,7,64,68
8808,7,10
8865,7,75
8870,7
8907,7,68
8908,7
8949,7,28,41,64,68,70
8957,7,18,34,64,76,80
8958,7,18,22,47,68
8961,7,10,15,18,21,22,23,28,41,50,52,62,64,66,68,73,75,76,77,91,98
8965,7
8970,7,10,22,28,68,73
8972,7,21,62,68,73
8984,7,18,21,62,68
27741,7
30812,7,18,28,41,47,68
30816,7,21,68
31878,7,64,68,83
32029,7
32031,7,50,68,89
32296,7,21
32587,7,18,21,28,62,63,64,68
33162,7,62
33493,7,15,21,28,45,62,68,75,76
33794,7,10,17,18,21,22,28,30,50,62,63,64,68,77,80,86
33836,7,73
34048,7,21,28,68,76,80
34319,7,28,41,80
37741,7,18,22,28,70,74
38388,7
42002,7
45499,7,18,21,34,62,68,73
45517,7,18,50,62,68,89
45668,7
45730,7
46530,7,68
48783,7,28
48997,7,83
49272,7,10,21,22,24,28,50,52,62,63,68,73,80
49278,7,28,47,80
49286,7,10,21,41,68,89
49824,7,47
586,8,14,18,19,20,21,38,42,45,54,62,63,64,66,68,83,84,91,94
187,9
627,9,19,32
922,9,53,57,59,66,84
1037,9,19,45,100
1095,9,18,28,33
1674,9,42,51,57,59,68,100
1987,9
2011,9,15,18,19,21,42,45,51,62,66,67,68,82,91
2023,9,21,28,42,51,57,62,64,68,95
2300,9,20,22,57,74,87
2877,9
2901,9,19,51
3173,9,28,42,68
3328,9,28,39
3735,9,74
4131,9
4558,9,68
5447,9
5451,9
5481,9,18,20,21,45,51,63,64,66,68,82,89
5507,9,20,68,82,95
5841,9
5843,9
5872,9,21,63,68,82
5890,9,74
5891,9
5893,9,74
5902,9,22,64,66,95
5956,9,18,28,36,51,64,76,95
5962,9
5965,9
5988,9,91
6001,9,74
6044,9
1028,10,19,20,45,50,57,64,68,84,91,100
1088,10,20,41,42,47,51,64,68,84
1247,10,16,18,27,59,66,74,76,84,95
1307,10,19,41,42,45,68,84,89,91,95,100
3882,10,20,42,68,89,91
4447,10,20,34,51,68,73,89
5066,10
5377,10,41,51,63,95
5620,10,12,45,51,68,100
5943,10,24,47,68
5957,10,66
6155,10,21,47,64,68,73,82
6266,10,68,82
6377,10,15,18,22,41,45,49,50,64,66,67,68,73,76,82,86,100
6535,10,68
6942,10,12,21,63,68,89,95
7149,10,41,82,100
7151,10,68
7154,10,68,80,82
7169,10
7293,10,18,24,41,62,64,66,68,89
7375,10
7451,10,34,64,68,73,89,98
7458,10,28,62,65,68,83
8529,10,21,62,68,98,100
8533,10,12,47,51,68,73
8869,10
8969,10,68
30749,10,22,28,47,52,68,74,83
31433,10,21
31685,10,18,21,24,34,41,47,52,68,89
33145,10,45
33679,10,21,24,28,45,62,68,86,89
40629,10,12,21,28,68,74,83
40819,10,18,28,47,64
41285,10,41,68
47099,10,28,41,47,49,50,52,62,73,98
51662,10,18,21,24,28,41,51,52,62,68,76,80,83,86,92
51705,10
51834,10,68
54286,10,18,21,22,24,28,41,45,51,52,55,63,68,77,80,88
56367,10,22,28,41,51,68,73,83,89
56949,10,68
58047,10,62,68,73,89,98
59333,10,68
59421,10,68
60397,10,21,50
60950,10,22,41,68
61250,10,68,73
63113,10,21,24,28,52,62,68,80
63992,10,12,62,73,76,98
64969,10,24,41,62,68,73
66203,10,68
68954,10,15,16,18,21,22,25,30,41,52,62,63,68,73,83
69406,10,21,24,68,89
69844,10,21,62,68,83
70183,10,68
70293,10,41,68,73
71579,10,68
72011,10,18,24,62,68,70
72330,10
72407,10
72720,10
72737,10
72998,10,15,18,21,22,28,47,50,52,62,68,73,80,83
73017,10,18,21,52,62,63,68,73,76
74450,10
77841,10
78772,10,62,68
79091,10,49,52,68,73
80549,10,68,89
81784,10,68
81845,10,21,29,41,62,63,68,83,98
81847,10,52,68,98
82167,10,68,89
82499,10
84374,10
86548,10
87222,10,50
88163,10,41,62,68,98
88810,10,47,68,73,98
91104,10
92259,10,41,89
94070,10
95167,10,21,52,68,89
95449,10,68
95510,10,21,30,68,73,86
95543,10,50,89
96079,10,21,24,50,52,62,63,68,73,80
97024,10
97938,10,15,18,21,47,50,62,98
98203,10
103335,10,21,49,50,73
103339,10,21
104374,10,21,62
105211,10
106489,10,18,21,62,68
106696,10,21,63
107141,10,21
109374,10,15,18,21,41,50,62,68,73,89
109853,10
112006,10,21
113275,10
113394,10
119145,10,18,21,24,52,68,73
129428,10
136020,10,21,50,62
137595,10
140110,10,41,62,73
44,11,15,17,19,21,40,58,68,94
376,11,14,32,38,40,68,70,91
511,11
529,11,28,32,33,58,66,70
1100,11,17,29,42,53,57,66
1358,11,17,28,33,36,64,66,85,88,90,91
1370,11,18,21,24,42,45,50,57,66,68,71,78,82,91
1385,11,29,57,83,91
1438,11,32,68
1518,11,57
1586,11,68,72
1604,11
1608,11,18,28,42,45,51,57,68,82,91
1616,11,57,66
1687,11,42,91
1693,11,85
1721,11,12,13,18,21,27,33,34,41,45,47,50,57,62,68,69,75,82,86,93,96
1840,11
1882,11,19,57,68
1918,11,18,19,21,33,42,51,59,66,68
2002,11,18,19,21,42,57,66,68,91
2027,11,19
1357,12,33,55,72,85,90
1405,12,17,19,31,44,64,91
1876,12,20,27,42,68,82,91
2072,12,19,91,95
2100,12,19,20,27,42,51,55,57,64,68,91,100
2421,12,18,24,42,66,86
2485,12,19,33,45,68
2572,12,19,68,92
2581,12,19,36,42,64,68
2694,12,19,42,45,64,68
3668,12,68
305,13,57,84
1173,13,84
1590,13,19,28,57,68
1619,13,42,68,92
1639,13,24,33,44,45,51,64,66,100
2541,13,21,22,42,45,64,68
3300,13,19,20,28,64,68,80,86,91
3409,13,19,63,68
3513,13
3624,13,19,20,34,51,57,82,83,89
3717,13,19,34,42,45,63,64,68,82,97,100
3753,13,15,20,42,45,52,57,68,82,83,100
3798,13,19,36,45,68
3827,13,57,64,69
3863,13,51,64,68,69,74,80
3893,13,91
3952,13
4011,13,16,18,28,41,45,55,61,62,63,64,67,68,97
4148,13,51,62,64,68
193,14,38,42,43,68,96
448,14,33
784,14,18,31,32,42,45,64,82,91
172,15,28,40,45,48,66,91
858,15,16,17,18,21,22,23,28,29,39,42,45,50,51,57,59,60,62,63,64,68,70,72,74,76,79,80,82,84,91,96,97,98
1200,15,19,21,23,27,28,30,31,39,41,49,51,57,63,66,68,75,78,79,80,82,84,91,95,96
1347,15,19,91
1527,15,18,19,21,24,28,34,39,45,48,57,63,64,66,67,68,80,82,91,95
1653,15,18,19,24,28,33,42,45,48,57,61,62,68,75,83,91,95
1909,15,19,21,45,57,91
2001,15,18,19,21,42,57,66,68,82,91
2081,15,19,20,39,42,45,48,57,68,91
2085,15,20,27,39,64,68,89,92,95
2278,15,18,28,42,55,64,68
3156,15,19,28
3499,15,19,28,64,66,91,96,98,100
3510,15,19,20,28,45,64,68
3535,15,19,20,28,42,63,64,68,73,80,91
3555,15,20,27,28,45,63,68,86,96,97
4022,15,20,28,41,42,45,47,49,63,64,68,69,82,83,97
4720,15,20,34,41,64,66,68,80,83,91,98
5971,15,16,17,23,87
6502,15,22,28,29,51,61,63,64,68,80,83,88,95
7254,15,18,51,62,63,64,68,76,83
7438,15,18,21,22,23,28,34,41,50,51,52,61,62,63,64,66,68,73,77,80,83,88,91
8644,15,18,21,28,68,80,95
48304,15,52,68
48774,15,28,29,51,52,63,68,74,80,83,88
48780,15,18,22,28,41,50,62,63,65,68,80
50872,15,18,21,22,41,45,50,52,63,68,89,98
56174,15,28,29,50,62,68,72,76,80
59315,15,18,21,22,25,28,30,62,68,73,78,80,86
60069,15,16,17,22,25,28,30,52,62,63,67,68,86
63859,15,21,68,98
64614,15,18,28,65
68237,15,28,29,62
69757,15,18,22,41,62,68,70,73,89,92
70286,15,18,21,22,24,28,29,49,52,68,73,80,83
71057,15
71264,15,50,86,89,98
84152,15,21,47,62,80
84954,15
85414,15,18,62,63,80
89745,15,18,21,52,62,63,68,73
91500,15,18,21,62,63,68,73,80
94864,15,50,62,68,80
96610,15,18,24,50,62,63
101864,15,21,62,80
103249,15,68,73,80
104841,15,21,29,47,50,68,98
105504,15,47
110102,15,18,21,50,62,63,73
111759,15,18,21,24,29,30,62,63,65,68
112556,15,41,47,62,73
112852,15,18,21,30,52,62,63,68,73,98
115149,15,21,41,62
120466,15
122886,15,18,21,24,52,62,68
122904,15,18,21,30,41,50,52,62,65,68,73,98
122922,15,21,62,68
122924,15,18,62
134130,15,18,24,52,68,98
134853,15,18,21,24,52,63,73,98
143385,15,21
152077,15,98
152081,15,21,50,52,67,68,73
158872,15
160980,15,47
166528,15,62,68
166635,15,18,62,68
111,16,17,18,40,41,46,50,51,59,63,64,66,74,76,91
541,16,17,18,19,21,22,23,28,41,45,50,57,59,66,68,69,75,76,83,91,95
678,16,28,91
745,16,18,19,21,27,39,57,63,76,89,91
913,16,18,19,23,27,57,59,63,95
1147,16
1148,16,18,19,20,21,27,50,57,63,64,76,89,91
1186,16,51,66,84
1193,16,17,18,19,22,23,48,57,62,63,64,68,69,70,72,73,74,84,88,91,97,98
1201,16,17,18,27,28,29,50,51,57,61,63,66,68,76,82,91
1207,16,18,27,64,68,84,85,91,98
1223,16,18,22,50,57,63,83,89
1230,16,21,28,50,74,84,89
1252,16,17,18,23,36,50,57,59,66,74
1260,16,18
1261,16,66,79,91
1267,16,19,51,68,84
1276,16,18,27,28,39,51,57,64,68,84,91
1281,16,50
1299,16,59,84,100
1680,16,68,86,100
2490,16,18,19,28,33,42,51,55,57,68,72,82
2707,16,42,45,68
2723,16,19,22,57,64,91
3000,16,21,23,34,39,50,62,63,68,91
3022,16,21,50,57,89
3108,16,19,23,51,57,64,66
3174,16,28,68
3429,16,28,57,91
3683,16,19,28,51
3741,16
4878,16,22,28,41,47,51,61,62,63,64,68,73,74,76,77,80,88,91,95
4973,16,18,21,23,24,34,41,62,64,68,72,74,77,83,87,89,95
5782,16,17,23,28,64,68
6350,16,17,24,63
7099,16,17,23,83
7361,16,18,22,28,41,52,61,62,63,64,66,68,70,77,86,95
27611,16,28,29,68,76
27773,16,17,18,24,50,64,68,74
48394,16,17,18,22,41,62,68,74,80,83,88
78499,16,17,18,21,50,63,68,73
1036,17,18,21,23,28,30,31,32,34,39,42,45,50,57,63,64,65,66,67,68,71,75,78,82,83,84,91,95,96,98
1209,17,18,28,29,74
1221,17,18,21,23,28,39,42,45,57,59,62,63,64,68,72,74,76,79,80,82,91,95,96
1228,17,64,68,84,95
1234,17,18,19,28,36,57,63,68,75,84,89,91
1375,17,18,19,45,57,91
2194,17,18,23,28,36,42,48,51,57,64,66,68,91
3039,17,19,66,68
3263,17,19,42,91
3435,17,57,63
3681,17,18,23,27,28,29,51,57,75,91
4571,17,64,68,78,87,91,100
6016,17,41,60,63,64,74,76,83,95
6870,17,18,22,28,41,47,64,68,74,75,88
7482,17,66,91
31658,17,22,62,63
64839,17,18,28,41,68
68358,17,18,22,24,28,30,52,63,68,73,78
80463,17,21,47,68,73,76
81932,17,47,68
82459,17,29,68
431,18,23,40,57,80
442,18,19,28,42,43,51,57,66,68,82,91
555,18,28,38,42,51,58,61,63,64,66,68,91,99,100
653,18,19,32,48,51,57,68,91,93
778,18,23,28,33,41,45,57,62,63,64,76,91
1020,18,19,42,45,68
1059,18,33,45,57,64,68,100
1212,18,23,57,59,74
1227,18,84
1245,18,23,28,33,42
1356,18,19,27,28,31,32,43,45,48,57,66,71,90,91,93
1374,18,19,28,42,45,57,75,79,84,91,95
1544,18,19,21,44,57,68,71,82,91
1729,18,28,39,42,45,64,68
1924,18,19
1961,18,41,42,45,47,62,64,66,68,86,91,97,100
2184,18,19
2409,18,68
2410,18,82
2411,18,68,86
2412,18,28
2420,18,29,42,47,50,51,64,66,68,74,91
2422,18
2706,18,19,21,28,42,45,57,64,66,68,73,89,91,95,100
2918,18,19,42,45,57,63,64,66,68,70,76,89,91
2951,18,23,27,28,29,51,57,66,69
2953,18,19,21,34,62,68
3081,18,19,41,57,68,91
3257,18,19,42,51,64,68,97
3275,18,28,55,68,80,88,91
3462,18,21,23,50,59,83,89
3751,18,19,20,22,27,63,73,89
3785,18,19,51,63,64,68,73,82,89,91
3896,18
4007,18,42,91
4262,18,24,41,42,51,62,63,64,68,88,91,95
4327,18,28,29,51,91
4383,18
4728,18,89
4816,18,20,41,63,64,68,82
5008,18,75
5120,18
5266,18,21,64,68,86
5418,18,20,21,22,24,28,41,45,52,63,64,66,67,68,77,80,83,86,88,91,95
5574,18,21,66,67,68
5608,18
5669,18,22,47,50,52,63,64,68,70,82,91
5679,18,20,47,64,68,76,80,82,91
5903,18,24,28,48,62,63,64,80,83,91
5944,18
5995,18,28,29,41,62,68,70,74,88
6287,18,41,45,64,66,68,82,89
6300,18
6373,18,21,41,45,47,62,64,68,73,76,82,86
6378,18,28,34,66,68,82,91,95
6440,18,23,74
6548,18,21,28,82
6709,18,68
6787,18,29,74
6807,18,23,28,50,51,66,91
6888,18,68,82
7018,18,66
7147,18,22,51,64,66,86,88
7317,18
7318,18,64
7323,18,74,83
7373,18,21,62,66,68,95
7753,18
7843,18
8117,18
8361,18,28,50,63,68,73,80
8641,18,28,41,62,64,68,73,76
8784,18,22,24,51,64,66,68
8917,18,63,64,68
8950,18,28,62,64,80,88
26444,18
26614,18,28,68
27689,18
27716,18
27831,18,28,55,61,62,68
27878,18
30793,18,21,47,50,62,63,64,73,89
32460,18
33004,18,21,22,28,45,63,68,76,89
33615,18,21,51,68
34150,18,21,28,62,68
34405,18,28,52,68,75,76
36519,18,21,68,75
36529,18,22,28,52,62,65
37386,18,28
37729,18,41,62,68
37733,18,22,52,62,64,68,74
38038,18,21,22,50,63,89,98
38061,18,24,28,62,68
44022,18,21,50,68,89
44191,18,21,22,24,28,52,62,65,68,75,80,83,88
44199,18,28,68,75,80
44555,18,50,74
44665,18,28,52,55,68,80
45722,18,62,63,68,73
46578,18,28,41,50,64,68,73,74,88,89,98
46965,18,68
47200,18,52,68
47491,18
49651,18,28,52,68
51357,18
51540,18,22,28,29,62,68,73,74
52604,18,28,62,80
53125,18,21,45,62,63,68,73
53129,18,68,80
53318,18,68,83
53464,18,62,68,98
53972,18,21,28,63,68,78,80
53996,18,21,45,68,73
54272,18,41,45,50,63,68
55118,18,28,52,68,74
55247,18,28,41,47,50,65,68,74
55276,18,28,52,74
55290,18,22,28,74
55765,18,22,28,41,52,68,80
56757,18,62,68,74,98
57528,18,28,52
57640,18,21,28,68
57669,18,28,41,52,63,68,76
58295,18,68
58299,18,68
59615,18,21,24,50,51,63,68,83,98
59784,18,21,50,52,68,73,89
60040,18,28,62,68,98
60074,18,21,51,62,68
60684,18,28,52,62,68,73,80
62434,18,68,73
63131,18,68
64197,18
64957,18,24,28,62,73
65596,18
66934,18,21,68,98
67255,18,41,68,76
68073,18
68159,18
68319,18,28,62,68,73
69122,18,21,22,41,47,50,52,62,68,73,76,80,89
69640,18
69951,18,86
71108,18
71156,18,50
71899,18,41
73268,18
73321,18,21
73323,18
73499,18
74510,18
74789,18,21,22,62,68,98
74948,18
76077,18
76175,18
76251,18,21,68,80,83
77561,18,21,62,63,68,80
78469,18,21,89
79293,18,21
79592,18,21,73
79695,18
79702,18,50,62,63,68
80219,18,80
81788,18
83349,18
84392,18
85354,18
86190,18,68,80
86332,18,62,68,73
86628,18
86880,18,62,68,73
87232,18,21,29,62,63,68,73,80
88094,18
88129,18,41,68
88140,18,21,62,63,65,68,73
90600,18
91485,18
91542,18,24,62,65,73
92094,18
95441,18,21,68,73
96432,18
96488,18
96655,18,89
97752,18,65
98124,18,21
98585,18
98809,18,52,62,68
99728,18
99813,18
102125,18,21,62,80
102445,18,63,68,73
102903,18,62
103253,18,21
103772,18,62
104241,18
104879,18,41,62
106072,18,21,62,73
106487,18,21,62,63,68
106839,18
107846,18
111362,18,21,29,62,63,68,73
112183,18,41,47,50,68,73
112334,18
112421,18
114066,18
116797,18,21,25,50,62,65,68,98
116823,18,21,30,62,68,73
117176,18,50,62,76,98
118900,18,41
122892,18,21,62,63,73
122900,18,21,52,62
122918,18,50,62,68,98
122920,18,49,62
122926,18,62,98
128620,18,50
135569,18,62
139385,18,24,41,47,49,50,62,68
140289,18
141688,18
142488,18,68
144210,18
145283,18
148626,18,47,50
150548,18,41,62
155168,18
157108,18
157110,18
158238,18,50,62,89
158972,18
159093,18,62
160438,18
161582,18,47
162350,18
162606,18,62
164179,18,21,62,68,98
166015,18
168252,18,21,49,62,68
171023,18
176101,18,50
177593,18,25
180095,18,25
180777,18
185135,18,62
12,19,44
48,19,20,21,27,38,40,43,48,58,60,64,68,76
64,19
107,19,20,22,40,43,45,57,92
118,19
173,19,40,42,43,45,46,56,58,61,68,75,91,93
295,19
325,19,43,99
328,19
338,19,45
372,19,42,58
379,19,42,57,68
407,19
414,19,42
420,19,42,43,54,56,68,82,84,91,94,99
422,19
427,19
486,19,42
512,19
513,19
551,19,20,21,38,40,45,51,57,58,66,68,76,84,91
558,19,93
610,19,39,40,43,51,57,91
611,19
671,19,37,45,57,66,84,87
674,19,57
724,19,28,47,68
742,19
743,19,21,78,90
761,19,32,57,93
785,19,42,44,45,64,68,88
788,19,31,32,42,43,45,64,68,71,76,82,84,89,96
798,19,44
810,19,43,57
829,19,51
832,19,45,60,68,82,91
866,19,23,33,57,91
879,19
903,19,45,50,57,59,66,74,75,91
906,19,59
911,19,27,57,89
915,19,57,84,89
921,19
931,19,84
933,19,57,84,100
965,19,51,59
984,19,90
1016,19
1021,19,20,27,42,45,47,92
1047,19,24,28,57,66,72,82
1081,19,84
1129,19,28,57,68,91
1215,19,28,39,51,64,66,68,79,91
1238,19
1257,19,51,57,66,91,100
1269,19,57,59,70,84,89
1285,19,42,45,57,64,66,84
1297,19,24,68,91
1322,19
1324,19
1330,19
1333,19,20,68,84,98
1339,19,42,64,68
1342,19
1345,19,64,68,79,84,87
1346,19,66,84
1355,19
1359,19,78,93
1367,19,20,32,45,50,68,76,82,84,92
1372,19,36,45,57,75,82,93
1373,19,42,51,57,91
1376,19,36,45,57,75,91
1378,19,42,57,66,68
1379,19,42,57
1380,19,20,50,68,84,91,100
1394,19,39,66,84,89,91
1407,19,32,45,51,57,64,66,68,91,100
1409,19,32,68
1427,19
1441,19,53,57,100
1456,19
1457,19,42,45,51,68
1461,19,42
1474,19,27,42
1479,19,42,51,57,64,68
1485,19,36,41,42,45,48,64,68,82,89,91
1489,19,20
1499,19,42,51,57,68,93
1542,19,33
1550,19
1551,19
1556,19,68,82
1562,19,57,60,68,82,93
1566,19,20,27,45,50
1569,19,41,45,64,66,68
1583,19
1588,19,27,68
1591,19,45,51,93
1593,19
1603,19,57
1614,19,33,42,57,68
1645,19,28,42,51,62,64,68,69,82,91
1648,19
1658,19,33
1663,19,24,42,51,68
1665,19,51
1679,19
1681,19
1688,19,20,45,51,57,68
1689,19,42
1690,19,48,51,57,64,68,82
1702,19
1717,19,34,64,68
1718,19
1722,19,20,21,42,57,59,68
1747,19,57,85,91
1748,19,23,28,51,57,64,66,82,91,95
1754,19,28
1779,19,68,93
1783,19
1798,19
1806,19,42
1812,19
1816,19
1831,19,34,42,57,68,78
1845,19,51,66,91
1848,19,20
1855,19
1862,19,39,45,66,83
1881,19
1888,19,33,68
1891,19
1894,19,42,68,93
1906,19
1911,19,64
1919,19,20
1921,19,28,39,45,50,80,91,95
1963,19
1970,19
1971,19
1972,19
1973,19
1991,19,51
1994,19,28,39,51,64,68,88,91
2003,19,64,68
2004,19,82
2014,19
2015,19,51
2016,19
2026,19
2034,19
2036,19
2037,19
2040,19,27
2041,19
2044,19
2052,19,21,45
2053,19
2060,19,28,51,91
2065,19
2082,19,36,45,64,68
2088,19,57
2092,19,20
2097,19,51,91
2108,19,33,45,57,68,100
2110,19,42
2111,19,68
2118,19,39
2123,19,51
2133,19,51,68
2134,19,24,68
2140,19,20,45,51,57,64,68,91
2144,19,42,47,68,91
2148,19,51
2153,19,93
2167,19,20,21,51,64,68,93,95
2169,19,42,51
2171,19
2206,19
2227,19
2232,19,28,57,68,80
2243,19,74
2244,19
2245,19,100
2248,19,51,64,66,68,100
2249,19,51,68,79
2255,19
2261,19,66
2263,19,42
2266,19
2267,19
2279,19,51
2287,19,91
2294,19,20,27,33,42,59,64,68,89,96
2302,19,33,36,42,45,51,57,64,66,68,91,93
2315,19
2320,19
2321,19,51,57,64,68,73,93
2328,19
2335,19,42,68,89
2354,19,57
2355,19,20,21,27,33,45,57,64,66,68,82,89,91,93
2369,19,42,64
2371,19,42,51
2372,19,42
2374,19,51
2375,19,42,51
2393,19,51,55,57
2394,19,20,64
2396,19,33,45,57,64,68,91,93,95,96,100
2407,19,27,42,45,47,51,55,57,68
2413,19,68
2416,19,42
2418,19
2423,19,42,68,95,100
2428,19,68
2446,19
2453,19
2455,19,51,91
2458,19
2463,19,66,91
2465,19
2468,19,100
2491,19,68
2496,19,68,100
2513,19,80,100
2518,19,91
2539,19,28,33,42,64,68,89,100
2548,19
2550,19,59
2555,19
2558,19
2605,19,42,45,51,57,68,78
2606,19,45,68,82
2614,19
2622,19
2642,19,57,86
2643,19
2668,19,51,91
2672,19,45
2687,19,20,27,45,57,86
2699,19,64,68,91
2709,19,20,27,57
2710,19,45,61,64,66,68,91,100
2719,19,68
2720,19,93
2722,19,42,64,68
2733,19
2746,19,20,42,45,51,64,68,78
2754,19
2788,19,51,57,63
2793,19
2802,19,51,57,66
2804,19,20,42,45,57,64,68,91,95,100
2806,19,68
2808,19,51,68
2822,19,93
2836,19,51
2840,19,68
2857,19,20
2860,19
2867,19,91
2870,19
2883,19
2888,19,68
2898,19
2900,19
2915,19,42,45,68
2936,19,89
2968,19,22,28,42,57,59,93,95
2995,19,51,68
3005,19,42,64,68
3016,19
3017,19,91
3031,19,91
3032,19,57
3035,19
3040,19
3048,19
3056,19
3063,19,66
3064,19,57
3070,19,51,57,91,95
3072,19,64,66
3082,19,21,42,45,51,57,68
3087,19,45,78
3101,19,42,55,64,66,68
3104,19,27,42,57,79
3113,19,91
3146,19,42,68
3190,19
3203,19
3213,19,39
3219,19,51,66
3225,19
3238,19
3248,19,42,45
3254,19,42,45,66,68,91
3258,19,45,57
3264,19,42,68
3269,19,42,45,57
3301,19,20,41,42,45,57,64,68
3308,19,36
3316,19,42
3324,19
3355,19,66
3361,19,42,51,57,70,95
3370,19
3387,19,42,45
3393,19
3394,19,42,45
3395,19
3396,19,20,45,51,57,64,68
3397,19,20
3398,19,20
3400,19
3401,19
3418,19,39,64,82,95,96
3421,19,45,51,63,64,66,68,91
3424,19,23,60,74,95
3454,19
3466,19,57
3471,19,27,51,57,59,68,91
3476,19,68,88
3477,19,68
3483,19,20
3484,19,45
3497,19
3500,19,57
3501,19,51
3505,19
3515,19,42
3526,19,64,66
3534,19,42,45,68,80
3536,19,20,45,68,100
3548,19
3550,19,91
3551,19
3584,19
3594,19
3608,19,64
3622,19
3662,19
3685,19,57
3686,19,57,66
3692,19
3693,19,42
3698,19,66,68,91
3699,19
3701,19
3704,19,57,68,91
3705,19,57
3706,19
3708,19,91
3712,19
3743,19
3745,19,39,66,91
3752,19,42,45,62,63,64,68,89
3754,19
3763,19,51
3770,19
3784,19,20
3797,19
3802,19
3825,19,68
3826,19,68,78,80,91
3835,19,57
3837,19,91
3839,19
1010,20,27,84
1012,20
1013,20,84
1015,20,27,36,92,93
1018,20,84
1022,20,27,39,68
1035,20,27,45,68,84,91,100
1547,20
2006,20,21,34,45,50,57,64,68,82,93
2059,20,27,89
2083,20,45,57,68
2087,20,21,33,45,57,64,68,92
2089,20
2135,20
2430,20
2565,20,27
2941,20,57
3157,20,27,89
3159,20,57,83
3189,20
3410,20
3438,20,42,68
3512,20,100
3549,20,45,89
3565,20,45
3615,20
3755,20,28,42,63,64,68
3852,20
3948,20,21,34,41,42,62,63,68,77,82,89,91
3972,20,45
3986,20
3988,20,21,68
3990,20
3999,20,97
4016,20,45,64,68,73,98
4019,20,28,53,68
4025,20,36,64,68,73,82,97
4039,20
4054,20,51,68
4090,20
4154,20
4161,20,68,97,100
4232,20
4270,20,51,62,64,68,82,95,97
4299,20,24,45,63,68,97
4344,20,28,51,63,68,82
4366,20,68
4367,20,34,42,62,68,82,97
4369,20,34,45,64,68,75,82,91
4378,20,28,68,95
4446,20,21,28,34
4449,20
4519,20
4638,20,21,45,68,97
4718,20,21,45,68,82
4734,20,45,63,64,68
4776,20,28,47,64,68,80
4783,20
4821,20
4846,20,91
4848,20,22,41,69,80
4865,20,51,64,68
4901,20,45,52,68,86,95
4979,20,22,41,45,63,64,68,73,74,89,91,95
4990,20
5013,20,22,23,74,100
5014,20,41,47
5015,20,22,64,68,95
5103,20,45,68,80
5110,20,68,89
5171,20,36,51
5254,20,21,51,62,64,68
5293,20,47
5299,20,64,66,68,73,82,89,98,100
5313,20,45,68
5364,20
5388,20,22,62,64,80
5419,20,68,82,89
5463,20
5504,20
5630,20,28,45,62,64,68,80
5693,20,68,91,95
5785,20
6143,20
6156,20,82,89
6157,20,28,68,82
6166,20,21
6170,20
6297,20,68
6345,20
6358,20
38,21
2376,21,36,42,51,57
2378,21,82
2402,21,51,91
2403,21,28,57,91
2724,21,33,41,42,51,60,68
2989,21,42,57,68
2990,21,42,57,91,95
3633,21,91,96
3635,21,57,68,96
3638,21,51,57,68,82
3697,21,27,57,66,68,91
3868,21,50,51,63,68,78,89,91
3984,21,68,79,91
4005,21,42,79
4040,21,42,66
4085,21,36,42,66,68,78,82
4489,21,24,42,64,68
4545,21,42,68
4621,21,42,68,100
4701,21,24,64,68,82,89,97
5219,21,68,82
5796,21
6503,21,68,82,91
7569,21,51,91
7570,21
7573,21
7701,21,64
8574,21
8946,21
26340,21
30825,21,41,68,72
34162,21,41,64,68,73,89
39715,21,89
40815,21,62,64,68,76
41566,21,28,50,62,63,64,68,73,76
45186,21,68,80
45447,21,52,62,64
45672,21,24
46972,21,62,68
47566,21
47997,21,51,52,68
50189,21
51084,21,68
52730,21
52973,21,24,41,51,52,68,73,89
53121,21,45,62
53322,21,28,45,62,80
54276,21
56775,21,62,68,73,98
58025,21,68
58998,21,24,41,52,68,73,89
59369,21,28,52,68,80
59429,21
59900,21,41,51,52,68
61160,21
63082,21,22,28,47,50,52,68,70
64032,21,89
68791,21,28,68,78
68793,21,89
69526,21
69644,21,50,68,73,89,98
72641,21,47,68,73,98
73106,21,89
73319,21,89
73858,21
76093,21,52,68,83
78637,21,89
79134,21
79185,21
80166,21
81229,21,63,89
81564,21,62,68,98
81591,21,41,47,68,73,80
81834,21,62,68
82202,21
85259,21
86068,21
87520,21,62
88125,21,62,68,83
88405,21,47,62
88744,21,68
90249,21
91535,21,80
91630,21,63,68,80
93510,21,30,68,73,89
94503,21,89
94677,21,50,89
94777,21,24,62
95067,21
95170,21
95738,21
96004,21
96588,21,47,73
97913,21,30,63,68
99532,21
102481,21,73,89
102716,21
102993,21
103141,21,73
103228,21,50
103372,21
103384,21
103801,21
103810,21
103819,21
103883,21
104211,21,62,73,89
105213,21
105653,21
105844,21
105954,21
106491,21
106540,21,89
106916,21
106918,21,41,62
106920,21,41
107013,21
107449,21
108156,21,89
108190,21,62
108932,21,30,50,63,73,89
108945,21
109576,21
109723,21
109864,21
110130,21,89
110553,21
111113,21,73
111617,21,89
111743,21,62
111781,21,63
111844,21
112138,21,52,73,89
112175,21,52,68
114180,21,62
114818,21
115502,21
115617,21,30,63,73
115877,21
117368,21
117529,21,50,68
117572,21
117590,21,73,89
117851,21
117922,21
119141,21,62,89
119155,21,89
119964,21
122896,21,62
126548,21,73
130450,21
132157,21
133419,21
134368,21,52,73
134393,21,24,73
135133,21,62
135536,21,62
135861,21
135887,21,41,50,89
136016,21
138036,21,41,73
138186,21
139642,21
139717,21
139915,21
140301,21
142536,21
143245,21
148675,21
149380,21
160565,21
160872,21
164909,21
166492,21
167036,21
168248,21,62
173307,21
1952,22,23,66,74
1953,22,28,51,57,59,64
2160,22,41,50,59,74,91
3006,22,28,74,79
4017,22,28
4036,22
4903,22
5617,22,28,64,66,68
5673,22,24,64,66,68,91
6711,22,28,34,41,50,51,64,66,68,74,95
8464,22,47,51,52,63,64,68
8622,22,34,64,68,83
30707,22,28,41,47,61,64,74,76
31410,22,76
34437,22,24,28,52,64,74
39183,22,51,52,64,68,74
41997,22,28,68,74
46976,22,24,52,62,65,68,74
52281,22,28,52,74,76
53519,22,41
54503,22,28,52,62,68,73,76,89
55820,22,28,29,41,62,68,70,74,76,88
56171,22
56782,22,28,74,76,88
56788,22
60766,22
61323,22,28,41,63,73,76,89
64575,22,28,68
66097,22,41,68,73,86
68536,22
71464,22
29,23,43,66,91,95
175,23
272,23,32,33,40,57,66,84,96
334,23,84
741,23,50,91,95
1050,23
1175,23,95
1217,23,64,66,74,84
1218,23,79
1232,23,50
1233,23,28,59
1237,23,85
1243,23,51,57,66,68
1248,23,39,57
1249,23,28,33,51,57,91
1274,23,50,57,91,95
1284,23,57,66
1425,23,32,57
1464,23
1711,23,57,68,85
1809,23
1859,23
1884,23,28,41,57,68,73,76,88
1960,23,27,74,83
2579,23
2686,23,24,28,53
2726,23,59
2730,23
2912,23,28,39
3030,23,57,64
3181,23
3265,23
3822,23
4235,23,41,64,95
5333,23
6234,23
6387,23,34
6721,23,34,91
6773,23,50,66
6790,23
6857,23,34,91
6920,23
6989,23
7064,23
7069,23,66
7123,23,28,75,91
7587,23
7924,23
7932,23
8012,23
8228,23
8370,23,91
2405,24,57,68
3556,24,28,64,68
4855,24,28,51,68,91
5064,24,52,64,68,80
5791,24,74
31696,24,52,62,68,91
35836,24,41,51,52,68,73,92
47610,24,52,62,65,68,80
57368,24,28,52,68,80
61024,24,28,62,68,73,89
61132,24,28,41,52,68
86882,24,41,68,89
102407,24,41,50,68,73
132660,24
122912,25,62,98
122916,25,62,98
176371,25,50,62,68
187541,25,98
187593,25,62,98
238,27,43
421,27,40,57
808,27
969,27,50,57,59,63
1083,27
1262,27,29,36,63,91
1287,27,39,51,57,64,68
1387,27,39,50,63,64,68,79,82,84,91,96
1592,27
2032,27
2142,27
2151,27,51
2311,27,42,45,57
2530,27,57
2532,27,57
2876,27
2886,27
3037,27,66
3350,27
3451,27
3519,27
3654,27
3791,27,42,68
3836,27,57,91
23,28,43,99
147,28,47,84
211,28
428,28,33,91
456,28
481,28,53,66
507,28,33,42,84
635,28
714,28
851,28,57
1120,28,44,64,68
1171,28,84
1253,28,50,70,75,91
1271,28,33,84
1303,28,29,57,70
1459,28,32
1480,28,59,85
1678,28,33,57,100
1785,28
2021,28,45,57,93,95,96
2231,28,45,68
2272,28,33
2358,28
2618,28
2841,28,45
2908,28,42,47,64,68,74
2952,28,95
3020,28,57
3100,28,42,53,64,66,68
3105,28,57,64,66,68
3107,28,51,57,64,68
3169,28
3178,28,39,68
3198,28,66
3246,28,74
3250,28
3252,28,42,62,66,68
3256,28,42,57,59,79,96
3260,28,57
3271,28,66,74
3272,28,57
3360,28,45,91
3543,28,57,70
3783,28,68
3950,28
3980,28,42
4047,28,68
4211,28,74
4238,28,51,82
4251,28
4343,28,64,68
4626,28,91
4688,28
4772,28
4787,28,66
5009,28
5010,28,29,52,63,64,68,83
5055,28
5152,28,64,68
5267,28,68
5292,28
5329,28,66,68
5446,28
5577,28
5632,28,74
5682,28
5747,28,66
5945,28,63
5955,28,68
6281,28,64,68,80
6428,28
6537,28,68,78,82
6552,28,74
6565,28,68
6617,28,66
6796,28,61,64,95
6817,28
6867,28
6884,28
6947,28,66,86,95
6953,28,41,68,82
6957,28,64
6974,28
6993,28,74
6997,28
7009,28
7025,28
7090,28,34,64,66,68,91
7263,28
7481,28
7649,28
7706,28
7841,28
7842,28
7884,28
8010,28
8132,28,68
8378,28
8493,28,66
8495,28
8633,28,95
8810,28,68,80
8874,28,41,51,52,63,64,66,68,83,91
8914,28,62,80
8937,28
8951,28,74
8977,28,83
8982,28
8983,28,64,68
26649,28
26695,28
26750,28
26812,28
26901,28
27408,28
27450,28
27788,28
27793,28
31101,28
31116,28
31225,28
31420,28
33166,28,41,47,51,55,64,68
33558,28
33660,28,62,65
34536,28
36517,28
36527,28
37731,28
37739,28
38886,28
39381,28,68
39444,28,52
40278,28,68,83
40414,28
40583,28,52,80
41569,28,62,64,68
41863,28,74
42004,28
43396,28
43921,28
43928,28
43936,28
44195,28,68,76
44204,28
44761,28
45658,28
46723,28,41,62,68,74
47629,28,74
47644,28
47894,28
48326,28
48385,28,47,50,62,63,68,73
48738,28,52
48879,28
49265,28
49530,28,41,47,52,62,68,80
49822,28
49961,28,68
50068,28,68,74
50442,28
51080,28,45,80
51255,28,52,63,66,68,73
51471,28
51935,28,68,80
52042,28
52241,28
52328,28,52
52952,28,74
53123,28
53550,28
53953,28,51,68,80
54736,28,52
54962,28
54997,28,52,62,68
55080,28
55094,28
55116,28
55274,28
55363,28,52,74
55721,28
55908,28,62
56145,28
56587,28,47,62,68,89
56607,28
56921,28
58293,28,68,86
58803,28,62,76
59018,28
59129,28
59387,28
60046,28
60389,28
60647,28
60674,28
60735,28
60753,28
60941,28,68
60943,28
61011,28
61167,28
61210,28
61236,28
61248,28
61350,28
61352,28
61628,28
61986,28
62374,28,52
62376,28
62394,28
62792,28
62799,28
62849,28,68
63033,28
63062,28
63433,28
64030,28
64497,28
64716,28
64983,28,83
64997,28,68
65216,28,80,83
65682,28,80
65982,28
67534,28
68205,28
69849,28
70336,28,68
71106,28,62
71135,28,80
953,29,51,63,66,68,70,76,84
1204,29,50,57,64,75,83
1242,29,45,57,60,66,79,84,91
1772,29
1792,29,51,68
1939,29,57
1945,29,63
2301,29,51,57,68
3363,29,36,51
4980,29,45,64
7156,29
7379,29
26554,29
26729,29,50
64620,29,52
87306,29,68
98961,29,80
96821,30,62,73
605,31,44,100
612,31,42,66
1099,31
1231,31,42,84
1353,31,90
1361,31,59
1363,31
1393,31,32,33,42,44,45,47,63,68,84,91,100
74,32,100
78,32
194,32,33,54,74,84
203,32,38,40,53,58,68
246,32,38,70,79,84
471,32,57,91
786,32,44,56,57,64,68,91
1104,32,84
1429,32,44,57
1458,32
28,33,100
94,33,44,84
249,33,53,58
307,33,40,64,74,79,96
308,33,40,74
322,33,91
385,33
446,33,84
452,33,84
562,33,68,90
580,33,84
613,33,90
715,33
805,33,42,44,60,66,68,84,90
994,33,57
1027,33,39,42,57,66,68
1056,33
1177,33,84
1280,33,83,84
1365,33
1399,33
1446,33,85
1476,33,42,44,45,68,93
1487,33
1537,33,83
1545,33
1621,33
1633,33,85
1643,33,57,85
1672,33,42,68
1673,33,42,57,64,68,74
1799,33,68
1801,33,68,82,92
1841,33
2112,33
2310,33
2333,33
2357,33
2391,33,39,51
2443,33,34
2501,33,45,68,92
2690,33,57
2875,33,42
2943,33
3997,34
5146,34
5449,34,41,82,89
6242,34,64,91
6567,34
6618,34,68
26606,34
27193,34,67,72
27728,34
27801,34,64
31184,34
44974,34,78,80
544,36
2269,36
2735,36,42,95
2794,36,68
3066,36,57
3270,36,45,68
3347,36
3362,36,39,64
3766,36
3861,36,42,68,82
4220,36
5093,36,82
5312,36,68
6662,36,50
585,38,40,64,68,84
2342,39
3019,39,74,95
82,40,90
121,40
199,40
228,40,99
306,40,84,96
514,40,68
685,40,90
3285,41,45,63,68,80
3968,41,42,51,68,95
4890,41,63,68,89
6708,41,51,66,68,82,95
6763,41
7173,41,45,66
7444,41
8981,41,64,68
54001,41,51,62,68
55280,41
56941,41,68
59725,41,47,68
61240,41,68
65230,41,73,89
71033,41
85774,41
86781,41
87869,41,73,89
89759,41
93840,41,68,73,80
96829,41,62
97921,41,47,62,65,68,73,98
100714,41
101525,41,47
103980,41
111659,41,62
111921,41,47,50,73
112290,41,73
115569,41,62
116897,41,62,89
125916,41
128360,41,50,62
136864,41,50,62
122,42,84,95,99
144,42
227,42,57,99
408,42
413,42,43,45,53,99
418,42
424,42
433,42,51,91
436,42
459,42
550,42
639,42,45,54
782,42
1191,42,79,84
1343,42,64,84
1431,42,45
1453,42,68
1468,42,57
1488,42,66
1513,42,57,64,68,95
1667,42
1726,42,57,83
1810,42
1835,42,68,86
1975,42
1976,42
2146,42,66,91
2155,42,57
2236,42,91
2297,42,57
2306,42
2352,42,59
2404,42
2433,42
2497,42
2500,42
2505,42
2568,42
2574,42
2598,42,45,51,91
2702,42
2713,42,68,91
2771,42,45
2795,42,66,78
2796,42
2805,42,66,72,86
2827,42
2861,42
2871,42,51,64,91
2890,42,45,55,68,91
2906,42
3098,42,66,68,70,100
3120,42
3142,42,79
3177,42,45
3186,42,51,68
3208,42,57
3259,42,57,68,100
3261,42,100
3298,42,45,68,91,95
3326,42
3502,42
3552,42,45,57,63,64,66,68,69
3646,42
3694,42
3695,42
3764,42
3824,42,68
3841,42,91
3946,42
3987,42
4008,42
4041,42,51,66,68,100
4062,42
4067,42
4084,42,68,82,91
4102,42
4132,42
4153,42,82
4155,42
4207,42
4280,42
4293,42,51
4317,42
4321,42,64,68
4322,42,66
4333,42
4349,42
4351,42,68,91
4359,42
4361,42
4396,42,95
4442,42
4466,42
4477,42
4482,42
4487,42,47,68
4509,42
4516,42
4541,42
4564,42
4565,42
4577,42
4623,42,45,100
4629,42,91
4654,42,66
4679,42
4686,42
57,43,84
259,43,99
484,43
519,43
828,43
1105,43
18,44,66,68,95
663,44,66
737,44,68
833,44
836,44,78,93
889,44
69,45,56,57,88
934,45,51,84,100
1005,45
1033,45,51
1390,45
1442,45,90
1615,45,93
1642,45
1753,45,51
1769,45,57,66
1863,45
1866,45,57,68
1934,45
2042,45
2064,45,64
2106,45
2124,45,51,57,62,64,68
2195,45
2431,45,68,91,93
2504,45
2718,45
2731,45,76
3004,45
3196,45
3249,45,91
3268,45
3274,45,51,100
3385,45
4104,45
4502,45
4929,45
4958,45,68
4974,45
5151,45,68,95
5220,45,82,89
5283,45,66,89,95
5307,45
5308,45,64,68,91
5500,45,91
5528,45,64
5568,45,51
5582,45,68,91
5585,45,91
5589,45
7294,45
33495,45,73
53993,45,68,98
391,47
2121,47
2942,47,51
3844,47,68
3969,47,51,62,64,68,73
4474,47
4975,47,64,68,83,91,95
5108,47
6765,47
7160,47,51,64,68
8966,47
45950,47,68
47423,47,74
51931,47
53894,47,68
63876,47
68932,47
69712,47
72395,47
79242,47
82767,47
96567,47
96811,47,52
97923,47,50
100383,47,80
106100,47
108729,47,62
112804,47,62
117881,47,73
132424,47
137337,47
140174,47
140247,47
140715,47
145839,47
146656,47
159817,47
163645,47
166643,47
171011,47
1320,48,57,64,68,75
5882,48
8371,48,62,68
909,50,84,89
1251,50,74
1273,50
1289,50
2164,50
2553,50
2732,50
2925,50
3221,50
3415,50
3730,50,70,74
4282,50
4399,50
4658,50
4914,50
4928,50,89
5004,50
5021,50
5810,50,64,68,95,100
5932,50
6239,50
6663,50
6666,50,74,89
6975,50,64
7063,50
7206,50
7247,50
7327,50
7396,50
7700,50
7748,50
8143,50
8157,50,91
8235,50
8253,50
8379,50
8879,50,68
8928,50
8974,50
26258,50
26326,50
26422,50
27156,50
27513,50
32657,50
32659,50
32875,50
32898,50
33781,50
37545,50
44719,50
45880,50
46062,50
46862,50
52885,50
62336,50
62644,50
63312,50
64278,50
66335,50
79224,50
81018,50
81562,50,73
82848,50
85796,50
88911,50
90522,50
90746,50
91094,50,68
92046,50
92427,50
92475,50
93114,50
93326,50,68,73,89
96606,50
97225,50,89
97304,50
100498,50
101072,50
103171,50
104283,50
104913,50
105250,50
107338,50
107565,50
111732,50
113374,50
114335,50
115203,50
122898,50,62
127146,50
128695,50
134170,50
134515,50
135143,50,62,68,98
135456,50
136018,50
136305,50
136564,50
137857,50,62
138208,50
139644,50
140928,50
142074,50
142448,50
142602,50
142961,50
142997,50
143859,50
143969,50
149406,50,89
151759,50
156607,50
160569,50
164280,50
165969,50
167370,50
168254,50
168492,50
170705,50
170875,50
171701,50
171759,50
172013,50
172461,50
174055,50
174141,50
174403,50
174737,50
175485,50
175661,50,62
175693,50
175705,50
175707,50
175743,50
175781,50
179073,50
188301,50
190183,50
387,51
479,51
482,51,91
522,51
781,51,57
1011,51,84,95
1014,51
1235,51,70,84
1244,51,59,84
1301,51
1350,51,91
1873,51,68
1997,51,68
1999,51
2159,51
2183,51
2265,51
2322,51
2356,51
2363,51
2379,51
2380,51,82
2408,51
2454,51,92
2524,51
2533,51
2554,51
2587,51
2613,51
2615,51
2634,51,72
2661,51
2664,51,92
2752,51
2978,51
3115,51
3148,51,64
3388,51
3430,51
3614,51,57
3799,51
3814,51
3917,51,91
3918,51
3959,51
4215,51
4241,51
4255,51,82
4267,51
4291,51
4340,51,91
4437,51
4464,51
4496,51
4508,51
4591,51,66
4713,51
4876,51,68,69
4971,51
4992,51
5040,51
5339,51
5505,51
5672,51
5712,51
6323,51,64,68,80
6371,51
6659,51,64,68,91
6786,51,66
6793,51
6873,51,68,82,95,100
6880,51
7000,51,91
7004,51,64,66,68
7007,51
7040,51
7163,51
7757,51
7983,51
8623,51,64,68
26680,51
34338,51
39414,51
42723,51,76
45666,51
48877,51,76
52722,51,62,68,73
57532,51
59306,51
60487,51
33646,52,89
50794,52
51077,52
52245,52,68,73
54995,52,68
54999,52,68
56801,52,98
65514,52
69481,52,63,68,73
86892,52
93721,52,68
93838,52
110501,52
748,53,57
916,53,83,84,89,100
1125,53,91
1982,53,68
1293,55,64,70,84
198,57,64
473,57
518,57
707,57,71
728,57,90
861,57
897,57
942,57
951,57,84,89
955,57,84,89
1184,57,84
1254,57
1268,57,84
1277,57,100
1388,57,68,84
1416,57,68,90
1498,57
1564,57
1646,57
1670,57
1858,57
1912,57,64,66,68,79,95,100
2009,57,87,95
2067,57,59,60,68
2102,57
2202,57
2289,57,91,96
2429,57
2476,57,69
2681,57
2759,57
2917,57
2922,57
2935,57,89
2961,57
3045,57,66
3334,57
3426,57
3446,57
3494,57
3507,57
3593,57,68,87
3628,57
3632,57
3643,57
3769,57
3773,57
3774,57
3811,57
3901,57
3937,57
280,58
928,59,75
1151,59
1428,59
1631,59
1696,59,85
1797,59
1944,59
2020,59,66
2075,59
3075,59
3230,59
3461,59
3498,59
3504,59,87
6460,59
2739,60
6058,62
6541,62,63,82
6564,62,68,82
27660,62,68
27706,62,68
27808,62
48043,62,68
49130,62
49649,62
50804,62
51086,62
59501,62,68
60072,62,68
60126,62,68,73,98
63072,62,68
67734,62
68554,62,68
68848,62
74228,62
78105,62
79357,62
80693,62
82461,62,76,98
83369,62
86911,62
87430,62,68,73
89492,62,68,70,73
89864,62,68,89
90866,62
96861,62
99149,62
102123,62
103042,62,68
103341,62
104863,62
106002,62
107348,62,73
107406,62,68
111360,62
113741,62
114662,62
114678,62
114935,62
115210,62
115680,62
118696,62,68
128512,62
135518,62
142222,62
143355,62
158966,62
161131,62,89
166534,62
168250,62,98
170827,62
171763,62
172591,62
173925,62
174053,62
175303,62
176601,62
179401,62
179819,62,98
182715,62
183611,62
184471,62
185031,62
187595,62
1202,63
1965,63
3088,63,89
4105,63,64,91
6104,63
7022,63,68,87
7132,63
7387,63,74,83,91
7980,63
8376,63,64,68,73
8873,63,64,68,74,83
27846,63
27904,63,78
30810,63,64,68
33779,63
45728,63
53000,63,68,80
54259,63,68
64285,63
67997,63
77800,63
86290,63
86504,63
89753,63
89904,63
92494,63
92535,63
95858,63
98491,63
102217,63
104069,63
365,64
968,64
1096,64,84
1762,64,91
1889,64,74,75
2313,64,74
2905,64
3041,64
4023,64,87,89
4128,64,66,68
4380,64
4448,64,69,91
4773,64
4964,64
5026,64
5225,64
5291,64,83
5417,64
5690,64
5878,64
5954,64
6188,64,66,68,89
6214,64
6218,64,68,89,91,95
6296,64
6331,64
6385,64
6936,64,66,68,73,89,95
6944,64,68
7139,64
7162,64,68
7235,64
7360,64,68,91
7411,64
7743,64
7930,64
7982,64
8014,64,83
8093,64
8645,64
8795,64
8832,64
26504,64
27020,64
27266,64
27523,64
27869,64
33683,64
34072,64,68
42632,64
255,66
523,66
535,66
1216,66,72
1326,66
1382,66
1541,66
1956,66
2257,66
2312,66
2316,66
2401,66
2956,66
2966,66,74
3029,66,79
3074,66
3201,66,74
3262,66
3444,66,68
4079,66
4149,66
4158,66
4203,66
4231,66
4465,66
4499,66,68
4537,66
4572,66
4581,66
4585,66
4611,66
4616,66
5023,66
5265,66
5548,66
5644,66
6022,66
6025,66
6124,66
6313,66
6636,66
6754,66,68,80
6832,66
6979,66,95
6996,66
7015,66
7027,66
7028,66,91
7046,66,68
7048,66
7127,66
7325,66,68,82,89
7493,66
7624,66
7647,66
7766,66
8024,66
8158,66
5628,67
8604,67
8605,67
875,68
932,68,84,100
1017,68
1019,68
1292,68,84
1381,68,84,95
1515,68
1635,68,74,85
1703,68
2125,68,100
2334,68
2340,68,96
2385,68
2471,68,78
2560,68
2567,68,93
2662,68
2728,68,83
2803,68
2881,68
2950,68,83
3077,68
3452,68,82
3553,68
3554,68
3653,68
3675,68
3707,68
3786,68
3978,68
3981,68,97
4015,68,82,89,95
4068,68,95
4069,68
4124,68
4141,68
4326,68
4356,68
4372,68
4387,68
4388,68,82,89
4639,68
4677,68
4681,68
4823,68
4877,68
4969,68
5049,68
5400,68,78,82
5444,68,98
5541,68,78
5553,68
6193,68
6383,68,82,92,95
6595,68,82
6707,68,91
6753,68
6755,68,91
6879,68,82,95
6893,68,95
6939,68
7010,68
7137,68
7256,68
7320,68
7346,68,89
7454,68,91
7541,68
7566,68
8366,68
8677,68,88
8781,68
8807,68,73
8861,68,80
8866,68
8910,68,91
8947,68
8968,68
8985,68
26712,68
26778,68
26871,68
27473,68
27539,68
27705,68
30822,68
31049,68
32598,68
33154,68
33437,68
33672,68
34153,68
34542,68
40732,68
40959,68
41571,68
41573,68
41724,68
42018,68
42718,68
42738,68,80
44004,68
44709,68
44788,68
45431,68
45501,68
45720,68,73
45726,68
45928,68
46322,68
46948,68,89
47970,68
47978,68
47999,68
48342,68
48696,68,74
49274,68,89
49772,68,74
50658,68
50685,68,73
50740,68
50806,68
51709,68
51884,68
52287,68
52435,68
52458,68
52767,68
52975,68,73,98
53435,68
54004,68
54116,68
54121,68
54281,68
54734,68
54881,68
55052,68
55112,68
55190,68
55232,68
55253,68,74
55267,68,98
55282,68,92
55620,68
55830,68
56152,68,98
56251,68
56336,68
56339,68
56379,68
57951,68
58078,68
58107,68
58162,68
58347,68
58839,68
59126,68
59220,68
59258,68,73,89
59440,68
59731,68
60363,68
60514,68
62155,68,89
62293,68
62956,68
62999,68
64622,68
65188,68
66198,68
66665,68
67087,68,89
67267,68
67408,68,98
67618,68
68659,68,89
68952,68
69069,68
69394,68
69524,68
69784,68
69904,68
70492,68
70521,68
70990,68
71282,68
72167,68
72489,68
72591,68
73023,68
74154,68
74508,68
74668,68
74946,68,89
76751,68
78467,68
78703,68
79057,68
80860,68,89
81910,68
83134,68,80,98
83803,68
84772,68
85780,68,89
86293,68
86377,68
86833,68,73,89
89087,68
89470,68,80
90576,68
92420,68
93287,68
94959,68,89
95218,68
95624,68
95875,68
96110,68,89
114762,68
4744,69
4880,69
1172,70,83,84
1300,70,84
1955,70
1959,70
1962,70,72,75
3152,70
3359,70
3468,70
91077,70
2136,72
44193,73
45221,73
47122,73
47518,73,89
48414,73
50601,73
53460,73,89
55768,73
68135,73
69278,73
71518,73
72226,73
74647,73
75805,73
76293,73,89
87485,73
92509,73
93272,73
99106,73
101612,73
105037,73
109483,73
111320,73
112450,73
112788,73
113378,73
114074,73
123947,73
127202,73
128520,73,89
131013,73,89
138204,73
149354,73
151739,73,89
926,74,84
949,74
1041,74,90
1185,74,84,85
2010,74,95
2360,74
2594,74
3089,74
3307,74,89
4103,74
4427,74
4546,74
5300,74
5304,74
5341,74
5434,74
5812,74,95
5867,74
6235,74
6244,74
6270,74
6301,74
6305,74
6591,74
6791,74
6852,74
6858,74
7087,74
7158,74
7234,74
7419,74
7889,74
8154,74,89
8183,74
8340,74,91
8341,74
8804,74
8838,74
26350,74
26578,74
27721,74
31522,74
39292,74
44937,74
48698,74
50274,74
52967,74
55069,74
55444,74
55814,74
57147,74
58103,74
58154,74
6303,75
7001,75
2318,76
7669,76,83
39446,76
55577,76
63436,76
72129,76
81535,76
20,78
2792,78
164,79,84
1189,79,84
1192,79
2659,79
3197,79
3266,79
3425,79
3576,79,91
4887,80
6059,80,100
6952,80
60030,80
69654,80
75395,80
78266,80
78349,80
80363,80
80831,80
81417,80
82041,80
84189,80
84601,80
85397,80
90405,80
90469,80
91974,80
93297,80
96691,80
96917,80
98361,80
100810,80
103075,80
103688,80
2381,82
2383,82
2384,82
4386,82,91,97
4989,82
5065,82
5094,82
5106,82
5296,82
5414,82
5803,82
5874,82
5900,82
6006,82
6014,82
6249,82
6338,82
6484,82
6536,82
6550,82,89
6566,82
6586,82,89
6593,82
6686,82,89
6687,82
6702,82
6750,82
6752,82
6764,82
6886,82
6887,82
6946,82
6949,82
6958,82,89
7142,82
3155,83
27397,83
55442,83
58303,83
14,84,90
55,84
154,84
214,84
287,84
299,84,96
321,84
324,84
326,84
331,84
369,84
406,84
691,84
722,84
726,84
900,84,100
948,84
971,84
987,84
1091,84,86,100
1131,84
1132,84
1135,84
1187,84
1190,84
1194,84
1286,84
1290,84,100
1295,84
1296,84,96
1305,84
1395,84
1414,84,85,90
53,85
1140,85
1519,85
1596,85
1624,85
1683,85
1694,85
1730,85
72356,86
74553,86
3910,87
6464,88
7312,88
26974,88
74795,88
83177,88
901,89
905,89
918,89
936,89
945,89
946,89
947,89
950,89
3061,89
3097,89
3315,89
3599,89
3604,89
3606,89
3991,89
4300,89
4899,89
5092,89
5480,89
5529,89
5621,89
6271,89
6402,89
6604,89
6650,89
6783,89
7067,89
7209,89
7297,89
7381,89
8238,89
8372,89
8814,89
8978,89
25887,89
26183,89
26184,89
26265,89
26429,89
26645,89
27619,89
27826,89
31851,89
31925,89
32060,89
32243,89
32596,89
33090,89
33830,89
34312,89
34332,89
35807,89
37384,89
37444,89
40339,89
40962,89
41828,89
42013,89
42725,89
42761,89
44773,89
44777,89
44851,89
46105,89
47725,89
47736,89
48520,89
48649,89
48982,89
49013,89
49735,89
50613,89
50999,89
51167,89
51575,89
53280,89
53355,89
53578,89
55269,89
58291,89
60289,89
60737,89
62008,89
64116,89
65588,89
66798,89
66943,89
67888,89
69211,89
69304,89
69469,89
69720,89
70697,89
72178,89
72624,89
72692,89
72701,89
73015,89
73042,89
73160,89
73822,89
74342,89
74683,89
74698,89
76143,89
76301,89
77688,89
78142,89
78620,89
79684,89
79897,89
80727,89
81087,89
81537,89
82854,89
83910,89
83969,89
84246,89
84512,89
84944,89
85295,89
85881,89
86059,89
86298,89
87834,89
88069,89
88746,89
88785,89
88812,89
89898,89
90717,89
91355,89
91386,89
91666,89
92643,89
93006,89
93022,89
94661,89
95633,89
95843,89
96608,89
96935,89
97836,89
98279,89
99117,89
99122,89
99130,89
99853,89
100390,89
100507,89
101283,89
102378,89
102686,89
102747,89
102984,89
103602,89
104339,89
104875,89
105540,89
105746,89
106594,89
106927,89
107951,89
108078,89
108949,89
109241,89
109596,89
111146,89
113252,89
113453,89
115111,89
116718,89
116738,89
116817,89
117109,89
118270,89
118530,89
118572,89
118834,89
118862,89
118894,89
119714,89
120813,89
121007,89
121097,89
121338,89
121342,89
121469,89
121781,89
122092,89
124273,89
124404,89
125970,89
125974,89
126088,89
126577,89
126921,89
127052,89
127134,89
128087,89
128089,89
128366,89
128594,89
128852,89
128944,89
128968,89
129011,89
129354,89
130452,89
130518,89
130520,89
131098,89
131104,89
131130,89
131439,89
131610,89
131826,89
132153,89
132422,89
132496,89
132584,89
132800,89
133712,89
133867,89
133879,89
134004,89
134334,89
134847,89
135777,89
135937,89
136341,89
136353,89
136355,89
136359,89
136503,89
136834,89
139157,89
139640,89
139994,89
140133,89
140481,89
140541,89
140561,89
140711,89
141513,89
141544,89
141646,89
141830,89
141928,89
142196,89
142444,89
142550,89
142831,89
143031,89
143559,89
144222,89
145491,89
146244,89
146684,89
146986,89
147410,89
147936,89
148632,89
148775,89
149350,89
149352,89
149508,89
149566,89
150554,89
153386,89
153408,89
155589,89
156025,89
156781,89
157296,89
157775,89
158398,89
158882,89
159069,89
160567,89
163527,89
164200,89
164226,89
164707,89
167018,89
167380,89
167772,89
167854,89
169912,89
170837,89
170993,89
171751,89
171811,89
172321,89
173253,89
174681,89
176621,89
176805,89
177185,89
177765,89,98
179211,89
181065,89
182293,89
182297,89
182299,89
182731,89
184349,89
184791,89
68,90
81,90
85,90
116,90
581,90
617,90
735,90
766,90
791,90
896,90
1034,90
1116,90
1137,90
1144,90
1366,90
1411,90
1417,90
384,91
464,91
533,91
1241,91
1321,91
1337,91
1340,91
1760,91
1771,91
1974,91
1981,91
2117,91
2122,91
2138,91
2298,91
2419,91
2456,91
2522,91
2625,91
2651,91
2782,91
2784,91
2790,91
2817,91
2868,91
2992,91
3013,91
3018,91
3153,91
3182,91
3267,91
3563,91
3727,91
3768,91
3810,91
3840,91,95
4092,91
4109,91
4214,91
4254,91
4304,91
4316,91
4438,91
4587,91
4599,91
4624,91
4645,91
4661,91
4678,91
4774,91
4800,91
4850,91
4909,91
4987,91
5165,91
5294,91
5346,91
5438,91
5479,91
5588,91
5640,91
5650,91
5749,91
6203,91
6219,91
6283,91
6327,91
6375,91
6395,91
6461,91
6620,91
6629,91
6638,91
6678,91
6731,91
6744,91
6820,91
6963,91
7118,91
7308,91
7492,91
7561,91
7650,91
7802,91
8016,91
8147,91
8266,91
8426,91
8501,91
8507,91
8581,91
27317,91
27873,91
2114,92
2398,92
54190,92
1606,93
2103,93
1529,95
1659,95
2280,95
2600,95
3071,95
3690,95
4126,95
4732,95
4954,95
5027,95
5072,95
5246,95
5247,95
5619,95
5792,95
6051,95
6288,95
6367,95
1942,96
3819,96
5109,97
5420,97
71745,98
79139,98
1958,100
2262,100
3244,100
5380,100
6183,100
6785,100
