userId,moviesIds
1,1,3,6,47,50,70,101,110,151,157,163,216,223,231,235,260,296,316,333,349,356,362,367,423,441,457,480,500,527,543,552,553,590,592,593,596,608,648,661,673,733,736,780,804,919,923,940,943,954,1009,1023,1024,1025,1029,1030,1031,1032,1042,1049,1060,1073,1080,1089,1090,1092,1097,1127,1136,1196,1197,1198,1206,1208,1210,1213,1214,1219,1220,1222,1224,1226,1240,1256,1258,1265,1270,1275,1278,1282,1291,1298,1348,1377,1396,1408,1445,1473,1500,1517,1552,1573,1580,1587,1617,1620,1625,1644,1676,1732,1777,1793,1804,1805,1920,1927,1954,1967,2000,2005,2012,2018,2028,2033,2046,2048,2054,2058,2078,2090,2093,2094,2096,2099,2105,2115,2116,2137,2139,2141,2143,2161,2174,2193,2253,2268,2273,2291,2329,2338,2353,2366,2387,2389,2395,2406,2414,2427,2450,2459,2470,2478,2492,2502,2528,2529,2542,2571,2580,2596,2616,2617,2628,2640,2641,2644,2648,2654,2657,2692,2700,2716,2761,2797,2826,2858,2872,2899,2916,2944,2947,2948,2949,2959,2985,2987,2991,2993,2997,3033,3034,3052,3053,3062,3147,3168,3176,3243,3247,3253,3273,3386,3439,3440,3441,3448,3450,3479,3489,3527,3578,3617,3639,3671,3702,3703,3729,3740,3744,3793,3809,4006,5060
2,318,333,1704,3578,6874,8798,46970,48516,58559,60756,68157,71535,74458,77455,79132,80489,80906,86345,89774,91529,91658,99114,106782,109487,112552,114060,115713,122882,131724
3,31,527,647,688,720,849,914,1093,1124,1263,1272,1275,1302,1371,1587,2018,2080,2090,2105,2288,2424,2851,3024,3210,3703,3949,4518,5048,5181,5746,5764,5919,6238,6835,7899,7991,26409,70946,72378
4,21,32,45,47,52,58,106,125,126,162,171,176,190,215,222,232,235,247,260,265,296,319,342,345,348,351,357,368,417,441,450,457,475,492,509,538,539,553,588,593,595,599,608,648,708,759,800,892,898,899,902,904,908,910,912,914,919,920,930,937,1025,1046,1057,1060,1073,1077,1079,1080,1084,1086,1094,1103,1136,1179,1183,1188,1196,1197,1198,1199,1203,1211,1213,1219,1225,1250,1259,1265,1266,1279,1282,1283,1288,1291,1304,1391,1449,1466,1500,1517,1580,1597,1617,1641,1704,1719,1732,1733,1734,1834,1860,1883,1885,1892,1895,1907,1914,1916,1923,1947,1966,1967,1968,2019,2076,2078,2109,2145,2150,2174,2186,2203,2204,2282,2324,2336,2351,2359,2390,2395,2406,2467,2571,2583,2599,2628,2683,2692,2712,2762,2763,2770,2791,2843,2858,2874,2921,2926,2959,2973,2997,3033,3044,3060,3079,3083,3160,3175,3176,3204,3255,3317,3358,3365,3386,3408,3481,3489,3508,3538,3591,3788,3809,3851,3897,3911,3967,3996,4002,4014,4020,4021,4027,4029,4033,4034,4074,4121,4144,4166,4226,4239,4246,4252,4260,4273,4308,4347,4381,4641,4741,4765,4881,4896,4902,4967
5,1,21,34,36,39,50,58,110,150,153,232,247,253,261,265,266,290,296,300,316,318,344,349,357,364,367,380,410,457,474,475,515,527,531,534,588,589,590,592,594,595,596,597,608
6,2,3,4,5,6,7,8,10,11,13,15,16,17,19,21,22,24,25,26,27,31,32,34,36,41,43,45,46,47,50,54,60,61,62,65,66,76,79,86,87,88,89,92,93,95,100,102,104,105,110,112,113,126,135,140,141,145,146,150,151,153,158,159,160,161,163,165,168,170,171,174,177,179,180,181,185,186,189,191,195,196,201,204,205,207,208,209,210,212,216,217,218,219,222,224,225,230,231,234,236,237,239,240,243,248,250,251,252,253,254,256,257,258,261,262,265,266,267,270,271,273,274,276,277,279,281,282,288,289,291,292,293,296,302,303,304,310,312,313,314,315,316,317,318,327,329,330,332,333,336,337,339,340,342,343,344,347,348,349,350,351,352,353,354,355,356,357,358,359,360,361,362,364,366,367,368,370,371,374,377,378,380,381,382,383,405,410,412,415,416,419,426,432,434,435,437,440,445,450,454,455,457,458,460,466,468,469,472,474,475,477,480,485,489,490,491,493,494,497,500,502,505,508,509,510,515,516,520,524,527,531,532,536,537,539,540,542,543,546,548,552,553,569,575,587,588,589,590,592,593,594,595,596,597,606,608,609,616,628,631,637,640,647,662,667,694,697,700,704,708,709,710,711,719,736,747,762,765,775,780,783,795,799,801,802,818,830,835,837,838,839,842,848,852,867,880,881,888,891,979,981,986,991,996,999,1004,1006,1042,1049,1061,1064,1073,1082,1084
7,1,50,58,150,165,260,356,380,466,480,587,588,589,592,593,595,648,750,780,920,924,1101,1183,1196,1208,1210,1219,1220,1240,1246,1270,1517,1584,1610,1617,1682,1784,1917,1923,1954,2019,2324,2353,2529,2628,2640,2671,2683,2688,2701,2717,2762,2858,3114,3354,3408,3578,3623,3793,3869,3916,3977,3994,4018,4223,4246,4306,4310,4370,4643,4700,4844,4874,4886,4896,4963,4993,4995,5218,5349,5378,5445,5459,5464,5502,5618,5816,5952,5989,5991,6333,6365,6534,6539,6863,6934,7143,7153,7155,7445,8207,8360,8368,8373,8528,8636,8665,8666,8783,8798,8808,8865,8870,8907,8908,8949,8957,8958,8961,8965,8970,8972,8984,27741,30812,30816,31878,32029,32031,32296,32587,33162,33493,33794,33836,34048,34319,37741,38388,42002,45499,45517,45668,45730,46530,48516,48783,48997,49272,49278,49286,49824
8,2,10,11,21,32,34,39,47,50,110,141,150,153,185,186,208,231,235,236,252,253,282,292,296,317,318,339,356,357,364,367,377,380,432,440,454,457,480,500,527,539,586,587,590,592,593,597
9,41,187,223,371,627,922,923,1037,1095,1198,1270,1674,1987,2011,2012,2023,2300,2877,2901,3173,3328,3735,4131,4558,4993,5218,5378,5445,5447,5451,5481,5507,5841,5843,5872,5890,5891,5893,5902,5952,5956,5962,5965,5988,6001,6044
10,296,356,588,597,912,1028,1088,1247,1307,1784,1907,2571,2671,2762,2858,2959,3578,3882,4246,4306,4447,4993,4995,5066,5377,5620,5943,5952,5957,6155,6266,6377,6535,6942,7149,7151,7153,7154,7169,7293,7375,7451,7458,8529,8533,8636,8665,8808,8869,8961,8969,8970,30749,31433,31685,33145,33679,33794,40629,40819,41285,47099,49272,49286,51662,51705,51834,54286,56367,56949,58047,58559,59333,59421,60397,60950,61250,63113,63992,64969,66203,68954,69406,69844,70183,70293,71579,72011,72330,72407,72720,72737,72998,73017,74450,77841,78772,79091,80549,81784,81845,81847,82167,82499,84374,86548,87222,88163,88810,91104,91529,92259,94070,95167,95449,95510,95543,96079,97024,97938,98203,103335,103339,104374,105211,106489,106696,106782,107141,109374,109487,109853,112006,113275,113394,119145,129428,136020,137595,140110
11,6,10,36,44,95,110,150,153,165,170,208,292,318,349,356,368,376,377,380,434,457,466,474,480,493,511,529,589,593,648,733,736,780,1100,1101,1210,1358,1370,1385,1391,1408,1438,1518,1552,1573,1584,1586,1597,1604,1608,1616,1687,1693,1704,1721,1784,1840,1882,1917,1918,1923,2002,2027,2028
12,39,168,222,256,261,277,357,543,830,838,920,1265,1357,1405,1721,1876,2072,2100,2421,2485,2572,2581,2694,2717,3668,3967,4018,5620,6942,8533,40629,63992
13,47,305,597,1173,1198,1590,1619,1639,1721,2145,2174,2541,2571,3300,3409,3513,3578,3624,3717,3753,3793,3798,3827,3863,3893,3897,3952,3977,3996,4011,4148
14,4,7,19,25,32,39,47,95,105,110,150,153,193,231,266,282,288,296,318,337,339,344,351,356,367,376,377,383,434,448,455,477,480,491,508,509,524,527,539,540,552,553,586,590,592,593,597,784
15,1,44,47,158,172,256,260,293,296,318,355,356,364,527,588,589,596,780,849,858,1196,1198,1200,1210,1214,1240,1265,1270,1347,1527,1653,1909,2001,2011,2012,2028,2081,2085,2150,2278,2329,2571,2762,2858,2916,2959,3147,3156,3499,3510,3535,3555,3578,3617,3753,3949,3994,4018,4022,4226,4306,4370,4720,4886,4993,4995,5445,5618,5952,5971,5989,6377,6502,6874,7254,7438,8360,8644,8961,33493,48304,48774,48780,50872,56174,58559,59315,60069,63859,64614,68237,68954,69757,70286,71057,71264,72998,79132,84152,84954,85414,89745,91500,91529,94864,96610,97938,99114,101864,103249,104841,105504,109374,109487,110102,111759,112556,112852,115149,115713,120466,122882,122886,122904,122922,122924,134130,134853,143385,152077,152081,158872,160980,166528,166635
16,47,50,111,204,260,293,296,318,319,356,527,541,593,608,678,745,750,849,858,904,912,913,923,1089,1136,1147,1148,1186,1188,1193,1196,1197,1198,1199,1201,1203,1207,1208,1213,1214,1219,1222,1223,1230,1247,1252,1260,1261,1267,1276,1281,1299,1617,1680,1704,2019,2109,2329,2427,2490,2571,2641,2707,2723,2762,2858,2959,3000,3022,3108,3174,3429,3683,3741,3949,4002,4011,4226,4878,4973,4993,5618,5782,5952,5971,6350,7099,7153,7361,27611,27773,48394,58559,60069,68954,78499,79132,91529
17,1,44,47,50,110,111,150,260,293,296,318,356,480,527,541,589,590,592,593,750,780,858,899,904,910,1032,1036,1089,1090,1093,1100,1193,1196,1197,1198,1201,1206,1209,1210,1213,1221,1222,1228,1234,1240,1252,1258,1259,1263,1270,1291,1358,1375,1405,1466,1732,1967,2005,2019,2028,2194,2329,2502,2571,2717,2762,2858,2959,3039,3147,3263,3435,3508,3681,3702,3949,4226,4571,4993,5618,5782,5952,5971,6016,6350,6870,7099,7153,7482,27773,31658,33794,48394,48516,58559,60069,64839,68157,68358,77455,78499,79132,80463,81932,82459
18,1,2,6,16,32,34,36,47,50,70,104,110,111,145,163,165,180,208,223,231,235,260,288,293,296,318,329,337,344,356,364,367,370,374,377,380,431,435,442,457,466,480,500,502,508,527,541,555,586,588,589,590,593,595,608,628,648,653,673,745,778,780,784,849,858,904,908,913,919,923,924,1020,1036,1059,1080,1086,1089,1095,1136,1148,1193,1196,1198,1201,1203,1206,1207,1208,1209,1210,1212,1213,1214,1219,1221,1222,1223,1227,1234,1240,1245,1246,1247,1252,1260,1270,1275,1276,1291,1356,1370,1371,1374,1375,1391,1466,1517,1527,1544,1580,1608,1617,1625,1653,1676,1682,1704,1721,1729,1732,1784,1805,1892,1917,1918,1924,1954,1961,2000,2001,2002,2011,2012,2019,2028,2058,2115,2184,2194,2268,2278,2291,2324,2329,2409,2410,2411,2412,2420,2421,2422,2470,2490,2542,2571,2683,2692,2706,2762,2918,2951,2953,2959,2997,3052,3081,3147,3253,3257,3275,3462,3578,3681,3702,3751,3785,3793,3896,3949,3994,4007,4011,4226,4239,4262,4306,4327,4383,4643,4728,4816,4886,4896,4963,4973,4993,4995,5008,5120,5218,5266,5349,5418,5445,5459,5464,5481,5574,5608,5669,5679,5816,5903,5944,5952,5956,5989,5995,6287,6300,6333,6365,6373,6377,6378,6440,6534,6539,6548,6709,6787,6807,6863,6870,6874,6888,6934,7018,7147,7153,7254,7293,7317,7318,7323,7361,7373,7438,7753,7843,8117,8360,8361,8368,8641,8644,8665,8784,8798,8917,8950,8957,8958,8961,8984,26444,26614,27689,27716,27773,27831,27878,30793,30812,31685,32460,32587,33004,33615,33794,34150,34405,36519,36529,37386,37729,37733,37741,38038,38061,40819,44022,44191,44199,44555,44665,45499,45517,45722,46578,46965,47200,47491,48394,48516,48780,49651,50872,51357,51540,51662,52604,53125,53129,53318,53464,53972,53996,54272,54286,55118,55247,55276,55290,55765,56757,57528,57640,57669,58295,58299,58559,59315,59615,59784,60040,60074,60684,60756,62434,63131,64197,64614,64839,64957,65596,66934,67255,68073,68157,68159,68319,68358,68954,69122,69640,69757,69951,70286,71108,71156,71899,72011,72378,72998,73017,73268,73321,73323,73499,74458,74510,74789,74948,76077,76175,76251,77561,78469,78499,79132,79293,79592,79695,79702,80219,80489,81788,83349,84392,85354,85414,86190,86332,86628,86880,87232,88094,88129,88140,89745,90600,91485,91500,91529,91542,91658,92094,95441,96432,96488,96610,96655,97752,97938,98124,98585,98809,99114,99728,99813,102125,102445,102903,103253,103772,104241,104879,106072,106487,106489,106782,106839,107846,109374,109487,110102,111362,111759,112183,112334,112421,112552,112852,114060,114066,115713,116797,116823,117176,118900,119145,122886,122892,122900,122904,122918,122920,122924,122926,128620,134130,134853,135569,139385,140289,141688,142488,144210,145283,148626,150548,155168,157108,157110,158238,158972,159093,160438,161582,162350,162606,164179,166015,166635,168252,171023,176101,177593,180095,180777,185135
19,1,2,3,7,10,12,13,15,19,32,34,44,47,48,54,64,65,70,87,92,102,104,107,118,135,141,153,158,161,165,170,173,185,186,196,208,216,223,231,235,252,253,256,258,260,273,289,291,293,295,316,319,325,328,329,330,332,333,338,339,344,348,350,351,353,356,357,362,364,366,367,368,370,372,374,377,378,379,380,407,410,414,420,422,423,427,432,434,435,440,442,445,450,455,457,466,468,472,474,480,485,486,490,494,497,500,512,513,520,537,539,540,541,542,543,546,551,558,575,586,587,588,589,592,597,606,610,611,627,637,640,648,653,661,671,673,674,708,709,711,719,720,724,733,736,742,743,745,761,762,783,785,788,798,799,810,818,829,830,832,837,839,842,849,852,866,879,880,881,903,904,906,910,911,913,915,921,924,930,931,933,965,984,986,1016,1020,1021,1028,1031,1032,1037,1047,1049,1057,1064,1073,1077,1079,1081,1086,1089,1092,1097,1127,1129,1136,1148,1179,1193,1196,1197,1198,1200,1210,1214,1215,1219,1234,1238,1240,1256,1257,1258,1259,1265,1267,1269,1270,1278,1285,1291,1297,1307,1322,1324,1330,1333,1339,1342,1345,1346,1347,1355,1356,1359,1367,1371,1372,1373,1374,1375,1376,1377,1378,1379,1380,1391,1394,1396,1405,1407,1409,1427,1441,1456,1457,1461,1474,1479,1485,1489,1499,1500,1517,1527,1542,1544,1550,1551,1552,1556,1562,1566,1569,1573,1580,1583,1584,1588,1590,1591,1593,1597,1603,1610,1614,1617,1625,1644,1645,1648,1653,1658,1663,1665,1676,1679,1681,1688,1689,1690,1702,1717,1718,1722,1732,1747,1748,1754,1777,1779,1783,1784,1798,1805,1806,1812,1816,1831,1834,1845,1848,1855,1862,1881,1882,1885,1888,1891,1892,1894,1895,1906,1907,1909,1911,1917,1918,1919,1920,1921,1923,1924,1963,1967,1968,1970,1971,1972,1973,1991,1994,2000,2001,2002,2003,2004,2005,2011,2012,2014,2015,2016,2026,2027,2033,2034,2036,2037,2040,2041,2044,2046,2048,2052,2053,2054,2060,2065,2072,2078,2081,2082,2088,2092,2094,2097,2100,2105,2108,2110,2111,2115,2118,2123,2133,2134,2137,2139,2140,2143,2144,2145,2148,2150,2153,2167,2169,2171,2174,2184,2186,2193,2203,2206,2227,2232,2243,2244,2245,2248,2249,2253,2255,2261,2263,2266,2267,2279,2287,2294,2302,2315,2320,2321,2328,2335,2338,2354,2355,2359,2369,2371,2372,2374,2375,2387,2393,2394,2396,2406,2407,2413,2414,2416,2418,2423,2424,2428,2446,2450,2453,2455,2458,2463,2465,2467,2468,2470,2478,2485,2490,2491,2496,2502,2513,2518,2528,2539,2548,2550,2555,2558,2571,2572,2581,2605,2606,2614,2617,2622,2628,2640,2641,2642,2643,2657,2668,2672,2683,2687,2694,2699,2700,2701,2706,2709,2710,2716,2717,2719,2720,2722,2723,2733,2746,2754,2762,2763,2788,2791,2793,2797,2802,2804,2806,2808,2822,2836,2840,2857,2858,2860,2867,2870,2883,2888,2898,2900,2901,2915,2916,2918,2936,2953,2959,2968,2985,2987,2995,2997,3005,3016,3017,3031,3032,3033,3034,3035,3039,3040,3044,3048,3052,3056,3063,3064,3070,3072,3081,3082,3087,3101,3104,3108,3113,3114,3146,3156,3175,3176,3190,3203,3213,3219,3225,3238,3243,3247,3248,3253,3254,3255,3257,3258,3263,3264,3269,3273,3300,3301,3308,3316,3324,3355,3358,3361,3370,3387,3393,3394,3395,3396,3397,3398,3400,3401,3409,3418,3421,3424,3440,3448,3450,3454,3466,3471,3476,3477,3479,3481,3483,3484,3489,3497,3499,3500,3501,3505,3510,3515,3526,3534,3535,3536,3548,3550,3551,3578,3584,3591,3594,3608,3622,3623,3624,3662,3671,3683,3685,3686,3692,3693,3698,3699,3701,3704,3705,3706,3708,3712,3717,3740,3743,3744,3745,3751,3752,3754,3763,3770,3784,3785,3793,3797,3798,3802,3809,3825,3826,3835,3837,3839
20,2,8,13,34,48,107,158,239,262,317,362,364,531,551,586,588,594,595,596,661,709,720,783,801,837,899,914,919,986,1010,1012,1013,1015,1018,1021,1022,1025,1028,1029,1030,1031,1032,1035,1073,1088,1097,1148,1282,1333,1367,1380,1489,1547,1566,1688,1722,1848,1876,1907,1919,1947,2005,2006,2018,2033,2048,2054,2059,2078,2080,2081,2083,2085,2087,2089,2090,2092,2096,2100,2116,2135,2137,2140,2141,2161,2167,2294,2300,2355,2394,2430,2565,2617,2657,2687,2700,2701,2709,2746,2761,2770,2804,2857,2941,2987,3034,3114,3157,3159,3189,3300,3301,3396,3397,3398,3408,3410,3438,3483,3510,3512,3535,3536,3549,3555,3565,3578,3615,3623,3624,3744,3751,3753,3755,3784,3793,3852,3882,3897,3948,3967,3972,3977,3986,3988,3990,3994,3996,3999,4014,4016,4019,4022,4025,4027,4029,4039,4054,4090,4154,4161,4226,4232,4246,4270,4299,4306,4308,4310,4344,4366,4367,4369,4370,4378,4446,4447,4449,4519,4638,4641,4643,4700,4718,4720,4734,4776,4783,4816,4821,4846,4848,4865,4886,4896,4901,4979,4990,4993,4995,5013,5014,5015,5103,5110,5171,5218,5254,5293,5299,5313,5349,5364,5378,5388,5418,5419,5445,5463,5481,5502,5504,5507,5618,5630,5679,5693,5785,5816,5952,5989,5991,6143,6156,6157,6166,6170,6297,6333,6345,6358,6365
21,1,2,10,19,38,44,48,145,165,170,260,293,296,355,356,364,367,370,435,480,500,541,551,586,588,589,592,597,648,719,733,743,745,780,858,902,1036,1148,1196,1198,1200,1210,1214,1221,1230,1240,1265,1270,1291,1370,1391,1527,1544,1573,1580,1704,1721,1722,1909,1918,2000,2001,2002,2006,2011,2012,2023,2052,2087,2115,2167,2174,2273,2288,2355,2376,2378,2402,2403,2424,2529,2541,2571,2617,2628,2671,2683,2700,2706,2716,2717,2724,2762,2763,2858,2916,2947,2948,2949,2953,2959,2985,2989,2990,2991,2993,3000,3022,3082,3114,3253,3462,3489,3578,3617,3623,3633,3635,3638,3639,3697,3793,3868,3869,3948,3984,3988,4005,4040,4085,4306,4446,4489,4545,4621,4638,4700,4701,4718,4886,4896,4963,4973,4993,5218,5219,5254,5266,5349,5378,5418,5445,5459,5481,5574,5796,5816,5872,5952,5989,6155,6166,6365,6373,6503,6539,6548,6874,6934,6942,7143,7153,7373,7438,7569,7570,7573,7701,8360,8368,8529,8574,8636,8644,8665,8798,8946,8961,8972,8984,26340,30793,30816,30825,31433,31685,32296,32587,33004,33493,33615,33679,33794,34048,34150,34162,36519,38038,39715,40629,40815,41566,44022,44191,45186,45447,45499,45672,46972,47566,47997,49272,49286,50189,50872,51084,51662,52730,52973,53121,53125,53322,53972,53996,54276,54286,56775,57640,58025,58559,58998,59315,59369,59429,59615,59784,59900,60074,60397,61160,63082,63113,63859,64032,66934,68791,68793,68954,69122,69406,69526,69644,69844,70286,72378,72641,72998,73017,73106,73319,73321,73858,74789,76093,76251,77561,78469,78499,78637,79132,79134,79185,79293,79592,80166,80463,81229,81564,81591,81834,81845,82202,84152,85259,86068,87232,87520,88125,88140,88405,88744,89745,90249,91500,91529,91535,91630,93510,94503,94677,94777,95067,95167,95170,95441,95510,95738,96004,96079,96588,97913,97938,98124,99114,99532,101864,102125,102481,102716,102993,103141,103228,103253,103335,103339,103372,103384,103801,103810,103819,103883,104211,104374,104841,105213,105653,105844,105954,106072,106487,106489,106491,106540,106696,106782,106916,106918,106920,107013,107141,107449,108156,108190,108932,108945,109374,109487,109576,109723,109864,110102,110130,110553,111113,111362,111617,111743,111759,111781,111844,112006,112138,112175,112852,114180,114818,115149,115502,115617,115877,116797,116823,117368,117529,117572,117590,117851,117922,119141,119145,119155,119964,122882,122886,122892,122896,122900,122904,122922,126548,130450,132157,133419,134368,134393,134853,135133,135536,135861,135887,136016,136020,138036,138186,139642,139717,139915,140301,142536,143245,143385,148675,149380,152081,160565,160872,164179,164909,166492,167036,168248,168252,173307
22,107,216,253,318,356,541,858,1042,1193,1223,1952,1953,2058,2160,2300,2541,2723,2959,2968,3006,3210,3481,3489,3578,3751,3911,3949,3996,4017,4027,4034,4036,4226,4306,4848,4878,4886,4903,4979,4993,4995,5013,5015,5388,5418,5464,5617,5669,5673,5816,5902,6377,6502,6539,6711,6870,6874,7147,7153,7361,7438,8464,8622,8784,8798,8958,8961,8970,30707,30749,31410,31658,33004,33794,34437,36529,37733,37741,38038,39183,41997,44191,46976,48394,48516,48780,49272,50872,51540,52281,53519,54286,54503,55290,55765,55820,56171,56367,56782,56788,58559,59315,60069,60766,60950,61323,63082,64575,66097,68157,68358,68536,68954,69122,69757,70286,71464,72998,74789
23,6,29,32,50,58,175,272,293,296,300,334,431,454,541,608,741,750,778,858,866,904,912,913,923,924,1036,1050,1080,1089,1136,1175,1193,1199,1200,1203,1206,1208,1212,1213,1214,1217,1218,1221,1222,1232,1233,1237,1243,1245,1248,1249,1252,1258,1266,1274,1284,1425,1464,1617,1711,1748,1809,1859,1884,1952,1960,2019,2194,2467,2542,2579,2686,2726,2730,2761,2912,2951,3000,3030,3108,3181,3265,3424,3462,3681,3822,3949,3996,4027,4226,4235,4973,5013,5333,5618,5782,5971,6234,6387,6440,6721,6773,6790,6807,6857,6874,6920,6989,7064,7069,7099,7123,7438,7587,7924,7932,8012,8228,8370,8636,8961
24,6,32,50,165,253,296,316,318,356,457,552,593,608,733,780,1047,1197,1198,1220,1246,1265,1297,1370,1396,1527,1580,1639,1653,1663,1682,1704,1784,2028,2115,2134,2273,2405,2421,2424,2571,2617,2686,2916,3147,3556,3578,4027,4262,4299,4489,4701,4855,4973,4995,5064,5418,5445,5673,5791,5903,5943,6350,7143,7293,8784,27773,31685,31696,33679,34437,35836,38061,44191,45672,46976,47610,49272,51662,52973,54286,57368,58559,58998,59615,61024,61132,63113,64957,64969,68157,68358,69406,70286,72011,79132,86882,91529,91542,94777,96079,96610,102407,111759,119145,122886,132660,134130,134393,134853,139385
25,231,260,527,1198,2028,2571,3578,4993,5952,7153,58559,59315,60069,68157,68954,74458,79132,91529,116797,122912,122916,176371,177593,180095,187541,187593
26,10,34,47,150,153,165,185,208,225,288,296,300,344,349,356,380,434,454,457,592,593
27,1,2,34,48,60,62,126,158,238,260,316,356,364,367,421,455,480,590,595,648,661,673,736,745,780,783,801,808,902,911,913,920,924,969,986,1010,1015,1021,1022,1035,1083,1097,1101,1127,1148,1196,1197,1198,1200,1201,1207,1210,1222,1247,1250,1262,1270,1276,1287,1304,1356,1387,1396,1474,1566,1580,1584,1588,1592,1721,1876,1907,1920,1947,1960,2012,2032,2040,2046,2054,2059,2080,2085,2094,2100,2115,2142,2150,2151,2161,2174,2294,2311,2355,2406,2407,2478,2529,2530,2532,2565,2628,2640,2687,2709,2876,2886,2944,2951,2985,3033,3037,3062,3104,3114,3157,3168,3247,3350,3448,3451,3471,3479,3489,3508,3519,3555,3654,3681,3697,3751,3791,3809,3836,5060
28,6,16,21,23,31,32,47,50,62,95,110,145,147,161,172,211,224,253,260,290,293,296,300,316,318,337,345,349,353,356,377,428,442,456,457,474,475,480,481,507,508,524,527,529,541,553,555,589,590,592,593,599,608,635,647,678,714,724,733,736,778,780,851,858,898,899,924,996,1036,1042,1047,1080,1089,1092,1095,1101,1120,1129,1136,1171,1196,1197,1198,1199,1200,1201,1206,1208,1209,1210,1213,1214,1215,1221,1222,1230,1233,1234,1240,1245,1249,1253,1256,1266,1271,1275,1276,1303,1356,1358,1371,1374,1459,1466,1480,1517,1527,1580,1584,1587,1590,1608,1610,1617,1625,1641,1645,1653,1678,1682,1704,1729,1732,1748,1754,1785,1884,1921,1953,1994,2000,2012,2021,2023,2028,2058,2060,2105,2193,2194,2231,2232,2268,2272,2278,2329,2353,2358,2403,2412,2427,2490,2502,2539,2542,2571,2580,2618,2628,2683,2686,2701,2706,2716,2762,2763,2841,2858,2908,2912,2916,2944,2951,2952,2959,2968,2985,2997,3006,3020,3033,3052,3100,3105,3107,3147,3156,3169,3173,3174,3175,3176,3178,3198,3246,3250,3252,3256,3260,3271,3272,3275,3300,3317,3328,3360,3386,3408,3429,3499,3508,3510,3535,3543,3555,3556,3578,3681,3683,3702,3755,3783,3793,3911,3916,3949,3950,3967,3980,3994,3996,4011,4017,4019,4022,4027,4034,4047,4211,4223,4226,4238,4251,4327,4343,4344,4370,4378,4446,4626,4688,4772,4776,4787,4855,4874,4878,4881,4993,4995,5009,5010,5055,5152,5267,5292,5329,5349,5378,5418,5445,5446,5464,5502,5577,5617,5630,5632,5682,5747,5782,5903,5945,5952,5955,5956,5989,5995,6157,6281,6333,6365,6378,6428,6502,6534,6537,6539,6548,6552,6565,6617,6711,6796,6807,6817,6867,6870,6874,6884,6934,6947,6953,6957,6974,6993,6997,7009,7025,7090,7123,7143,7153,7263,7361,7438,7445,7458,7481,7649,7706,7841,7842,7884,8010,8132,8207,8361,8378,8493,8495,8633,8636,8641,8644,8665,8798,8810,8874,8914,8937,8949,8950,8951,8961,8970,8977,8982,8983,26614,26649,26695,26750,26812,26901,27408,27450,27611,27788,27793,27831,30707,30749,30812,31101,31116,31225,31420,32587,33004,33166,33493,33558,33660,33679,33794,34048,34150,34319,34405,34437,34536,36517,36527,36529,37386,37731,37739,37741,38061,38886,39381,39444,40278,40414,40583,40629,40819,41566,41569,41863,41997,42004,43396,43921,43928,43936,44191,44195,44199,44204,44665,44761,45658,46578,46723,47099,47629,47644,47894,48326,48385,48516,48738,48774,48780,48783,48879,49265,49272,49278,49530,49651,49822,49961,50068,50442,51080,51255,51471,51540,51662,51935,52042,52241,52281,52328,52604,52952,53123,53322,53550,53953,53972,54286,54503,54736,54962,54997,55080,55094,55116,55118,55247,55274,55276,55290,55363,55721,55765,55820,55908,56145,56174,56367,56587,56607,56782,56921,57368,57528,57640,57669,58293,58559,58803,59018,59129,59315,59369,59387,60040,60046,60069,60389,60647,60674,60684,60735,60753,60941,60943,61011,61024,61132,61167,61210,61236,61248,61323,61350,61352,61628,61986,62374,62376,62394,62792,62799,62849,63033,63062,63082,63113,63433,64030,64497,64575,64614,64716,64839,64957,64983,64997,65216,65682,65982,67534,68205,68237,68319,68358,68791,69849,70286,70336,71106,71135,72378,72998
29,50,150,165,170,296,316,318,356,750,780,858,904,914,924,953,1100,1136,1198,1201,1204,1208,1209,1213,1222,1224,1242,1250,1262,1270,1272,1303,1385,1408,1617,1772,1792,1939,1945,2028,2301,2420,2761,2872,2944,2951,3363,3441,3578,3591,3681,4223,4327,4980,5010,5464,5995,6502,6787,7156,7379,26554,26729,27611,48516,48774,51540,55820,56174,64620,68237,70286,80489,81845,82459,87232,87306,98961,99114,104841,111362,111759
30,110,260,318,589,1036,1196,1198,1200,1210,1240,1291,2571,4993,5952,7153,33794,58559,59315,60069,68358,68954,79132,91529,93510,95510,96821,97913,108932,109487,111759,112852,115617,116823,122904
31,1,5,7,10,17,25,62,141,165,339,344,377,588,605,612,648,733,736,780,783,784,788,852,912,1036,1057,1073,1099,1136,1196,1197,1198,1200,1214,1231,1240,1246,1265,1270,1278,1282,1302,1353,1356,1361,1363,1391,1393,1405,5060
32,1,3,6,7,21,24,25,26,32,36,39,50,52,58,62,74,78,95,100,140,141,153,194,203,224,236,246,252,260,265,272,282,296,314,318,327,337,339,345,353,357,361,376,410,440,471,497,527,529,538,539,553,592,593,608,627,628,648,653,661,694,708,719,733,736,761,780,784,786,788,799,802,849,852,880,912,996,1036,1061,1073,1079,1080,1084,1086,1103,1104,1183,1196,1197,1198,1224,1356,1367,1391,1393,1407,1409,1425,1429,1438,1458,1459
33,1,7,11,17,21,25,28,32,34,36,39,43,50,58,94,110,150,151,161,194,223,230,232,249,261,265,272,293,296,300,302,307,308,318,322,337,339,345,356,385,428,446,448,452,457,475,477,490,497,507,508,509,527,529,562,580,588,589,593,608,613,715,778,800,805,838,866,914,919,994,1027,1056,1059,1060,1095,1177,1183,1188,1210,1213,1245,1249,1271,1280,1357,1358,1365,1393,1399,1446,1476,1487,1500,1537,1542,1545,1580,1610,1614,1617,1621,1633,1639,1641,1643,1653,1658,1672,1673,1678,1682,1704,1719,1721,1777,1784,1799,1801,1805,1841,1885,1888,1918,1923,2028,2058,2080,2087,2108,2112,2268,2272,2291,2294,2302,2310,2324,2333,2336,2355,2357,2391,2396,2443,2485,2490,2501,2539,2542,2571,2580,2690,2724,2762,2875,2943
34,10,70,110,145,163,318,356,357,377,589,780,1036,1391,1527,1580,1682,1717,1721,1831,2006,2273,2324,2424,2443,2571,2617,2628,2671,2762,2953,2959,3000,3052,3489,3617,3624,3717,3793,3948,3977,3996,3997,4226,4246,4306,4310,4367,4369,4446,4447,4643,4720,4874,4973,5146,5349,5378,5449,5459,5952,6242,6333,6378,6387,6539,6567,6618,6711,6721,6857,6874,6934,7090,7438,7451,8622,8636,8957,26606,27193,27728,27801,31184,31685,44974,45499
35,11,21,39,50,60,62,150,185,222,231,235,236,237,252,261,266,300,316,339,342,590,592,595
36,25,315,318,544,548,552,904,908,919,996,1015,1086,1090,1094,1222,1234,1252,1262,1278,1358,1372,1376,1396,1485,1500,1597,1617,1704,1892,2012,2082,2194,2269,2302,2359,2376,2406,2581,2735,2794,3066,3270,3308,3347,3362,3363,3766,3798,3861,3897,4025,4085,4220,4995,5093,5171,5312,5464,5956,6662
37,150,153,165,231,292,296,316,318,329,344,349,356,380,457,590,592,593,661,671,1061,1073
38,11,17,21,39,48,50,62,105,110,150,151,153,161,163,168,193,203,208,222,223,224,235,237,246,252,253,266,273,282,292,296,300,317,318,329,337,339,342,350,355,356,357,364,367,368,376,377,380,410,432,434,435,440,454,457,466,468,480,485,497,500,508,509,527,539,551,552,555,585,586,588,590,592,593,595,597,648,736
39,32,47,50,260,296,364,457,588,589,592,593,594,596,608,610,745,858,908,924,1022,1025,1027,1029,1032,1036,1073,1089,1097,1127,1136,1196,1197,1198,1200,1210,1213,1214,1215,1219,1221,1248,1258,1270,1276,1282,1287,1291,1387,1394,1396,1408,1500,1527,1584,1610,1617,1729,1862,1907,1921,1954,1967,1968,1994,2018,2078,2080,2081,2085,2118,2137,2174,2342,2366,2391,2459,2529,2571,2580,2599,2692,2700,2762,2858,2912,2947,2987,2997,3000,3019,3034,3178,3213,3328,3362,3418,3481,3745,3793,3911
40,1,17,19,21,26,31,34,44,46,48,60,62,82,104,107,110,111,121,126,146,150,151,153,158,159,163,165,168,172,173,186,199,203,205,208,216,218,223,224,228,230,231,235,236,252,256,265,266,267,272,273,281,292,296,300,306,307,308,312,314,316,317,318,327,329,330,337,339,344,350,351,353,362,364,367,371,376,380,383,410,421,431,432,434,435,440,454,457,491,509,514,515,551,553,585,588,590,592,595,609,610,616,685
41,47,50,111,215,288,293,296,356,357,380,541,593,595,597,608,750,778,920,924,1088,1089,1097,1200,1206,1208,1213,1214,1219,1222,1225,1258,1259,1265,1307,1485,1569,1584,1641,1682,1704,1721,1732,1777,1784,1884,1961,2028,2115,2160,2268,2324,2329,2571,2671,2692,2712,2724,2858,2959,3081,3160,3285,3301,3408,3578,3916,3948,3949,3968,3996,4011,4014,4022,4027,4034,4226,4235,4246,4262,4306,4720,4816,4848,4878,4890,4963,4973,4979,5014,5377,5418,5449,5618,5816,5952,5989,5995,6016,6287,6373,6377,6539,6708,6711,6763,6870,6874,6953,7149,7173,7293,7361,7438,7444,7445,8641,8874,8949,8961,8981,30707,30812,30825,31685,33166,34162,34319,35836,37729,41285,46578,46723,47099,48394,48516,48780,49286,49530,50872,51662,52973,53519,54001,54272,54286,55247,55280,55765,55820,56367,56941,57669,58998,59725,59900,60950,61132,61240,61323,64839,64969,65230,66097,67255,68157,68954,69122,69757,70293,71033,71899,79132,80906,81591,81845,85774,86781,86882,87869,88129,88163,89759,91529,92259,93840,96829,97921,99114,100714,101525,102407,103980,104879,106918,106920,109374,111659,111921,112183,112290,112552,112556,115149,115569,115713,116897,118900,122882,122904,125916,128360,135887,136864,138036,139385,140110,150548
42,3,7,10,11,16,19,21,22,47,50,86,95,104,110,122,135,141,144,150,153,161,163,165,168,173,185,186,193,195,223,225,227,231,234,236,252,253,257,260,276,288,292,296,303,316,318,333,344,349,350,353,356,360,361,364,368,372,379,380,381,383,408,410,413,414,415,418,420,424,432,433,434,436,442,457,459,466,468,485,486,490,507,509,520,524,527,540,548,550,552,553,555,586,590,592,593,597,612,628,639,647,648,708,733,780,782,784,785,788,805,858,880,912,924,996,1020,1021,1027,1036,1042,1060,1061,1079,1088,1089,1090,1093,1094,1097,1100,1101,1124,1127,1191,1196,1197,1210,1213,1221,1222,1231,1245,1246,1265,1266,1270,1285,1302,1307,1339,1343,1370,1373,1374,1378,1379,1391,1393,1431,1453,1457,1461,1466,1468,1474,1476,1479,1485,1488,1499,1500,1513,1517,1552,1573,1580,1597,1608,1610,1614,1617,1619,1625,1641,1644,1645,1653,1663,1667,1672,1673,1674,1682,1687,1689,1704,1722,1726,1729,1784,1805,1806,1810,1831,1835,1876,1883,1892,1894,1918,1923,1961,1968,1975,1976,2000,2001,2002,2011,2023,2028,2081,2094,2100,2105,2110,2115,2144,2146,2155,2169,2194,2236,2263,2268,2278,2294,2297,2302,2306,2311,2329,2335,2352,2353,2369,2371,2372,2375,2376,2404,2406,2407,2416,2420,2421,2423,2424,2427,2433,2478,2490,2492,2497,2500,2502,2505,2539,2541,2568,2571,2574,2580,2581,2598,2605,2628,2641,2671,2683,2688,2694,2700,2702,2706,2707,2712,2713,2716,2722,2724,2735,2746,2763,2770,2771,2791,2795,2796,2804,2805,2827,2861,2871,2875,2890,2906,2908,2915,2918,2959,2968,2987,2989,2990,2997,3005,3033,3052,3082,3098,3100,3101,3104,3120,3142,3146,3173,3176,3177,3186,3208,3210,3247,3248,3252,3253,3254,3255,3256,3257,3259,3261,3263,3264,3269,3298,3301,3316,3326,3361,3387,3394,3408,3438,3441,3448,3450,3481,3502,3515,3527,3534,3535,3552,3578,3617,3646,3693,3694,3695,3717,3752,3753,3755,3764,3791,3793,3824,3841,3861,3869,3882,3946,3948,3968,3977,3980,3987,4002,4005,4007,4008,4018,4022,4027,4034,4040,4041,4062,4067,4084,4085,4102,4132,4153,4155,4207,4262,4280,4293,4317,4321,4322,4333,4349,4351,4359,4361,4367,4396,4442,4466,4477,4482,4487,4489,4509,4516,4541,4545,4564,4565,4577,4621,4623,4629,4654,4679,4686
43,1,3,5,7,8,10,11,23,29,34,47,48,57,60,79,95,102,107,110,150,153,158,161,165,168,173,174,185,193,208,217,225,231,236,238,253,256,259,261,262,271,276,277,288,292,296,300,316,317,318,325,329,339,343,344,349,350,351,355,356,362,364,367,374,377,380,382,410,413,419,420,432,434,435,442,454,457,480,484,500,502,519,520,532,539,542,552,553,575,587,588,589,590,592,594,595,596,597,609,610,616,631,648,661,711,783,788,810,828,1064,1073,1084,1105,1356
44,1,3,6,12,18,36,65,66,94,95,104,112,135,141,260,494,605,648,661,663,667,673,733,736,737,780,785,786,798,805,833,836,842,849,852,889,891,1120,1210,1391,1393,1405,1429,1476,1517,1544,1552,1639
45,1,5,6,7,11,19,21,32,39,50,62,65,69,70,88,104,107,110,112,150,165,172,173,180,185,186,216,223,231,248,252,260,261,292,296,316,317,329,333,338,344,356,357,362,364,367,368,370,380,413,435,440,441,457,466,474,480,500,520,541,543,546,551,552,569,586,587,588,589,590,593,594,595,597,639,648,671,733,765,778,780,783,784,785,788,832,849,852,858,903,919,924,934,1005,1020,1021,1028,1029,1033,1035,1036,1037,1042,1059,1060,1073,1080,1097,1101,1127,1136,1196,1197,1198,1210,1213,1221,1225,1240,1242,1246,1258,1259,1265,1270,1282,1285,1291,1302,1307,1356,1367,1370,1371,1372,1374,1375,1376,1377,1390,1391,1393,1396,1407,1431,1442,1457,1476,1485,1500,1517,1527,1566,1569,1573,1580,1584,1591,1608,1610,1615,1639,1641,1642,1653,1676,1682,1688,1704,1721,1729,1732,1753,1769,1777,1784,1862,1863,1866,1883,1909,1921,1923,1934,1961,1968,2005,2006,2011,2012,2021,2028,2042,2046,2052,2064,2078,2080,2081,2082,2083,2087,2094,2096,2105,2106,2108,2115,2124,2140,2174,2195,2231,2268,2302,2311,2324,2329,2355,2396,2407,2431,2470,2485,2492,2501,2502,2504,2528,2541,2571,2580,2598,2605,2606,2616,2628,2657,2672,2683,2687,2694,2700,2706,2707,2710,2712,2716,2718,2731,2746,2762,2763,2771,2791,2797,2804,2841,2858,2890,2915,2916,2918,2944,2947,2959,2985,2987,2997,3004,3033,3052,3082,3087,3114,3147,3175,3176,3177,3196,3243,3247,3248,3249,3253,3254,3255,3258,3268,3269,3270,3273,3274,3285,3298,3301,3360,3385,3387,3394,3396,3408,3421,3439,3481,3484,3489,3510,3534,3536,3549,3552,3555,3565,3578,3617,3717,3752,3753,3793,3798,3897,3911,3972,3996,4011,4016,4022,4033,4034,4104,4299,4306,4308,4369,4502,4623,4638,4718,4734,4886,4896,4901,4929,4958,4963,4974,4979,4980,4993,5103,5151,5218,5220,5283,5307,5308,5313,5349,5378,5418,5445,5481,5500,5502,5528,5568,5582,5585,5589,5620,5630,5989,6287,6333,6365,6373,6377,6539,7173,7294,8360,8528,8636,8665,33004,33145,33493,33495,33679,50872,51080,53121,53125,53322,53993,53996,54272,54286
46,1,10,32,39,50,110,111,153,160,161,165,173,185,208,225,231,236,253,266,282,288,292,300,315,316,318,339,344,349,364,367,380,432,434,435,454,457,588,590,592,593,595
47,31,47,62,141,147,150,318,356,391,500,508,539,587,590,593,597,724,1021,1088,1097,1203,1259,1265,1393,1580,1721,1961,1968,2028,2121,2144,2291,2407,2420,2671,2762,2797,2908,2942,2959,3147,3255,3408,3844,3949,3969,4018,4022,4474,4487,4776,4878,4975,5014,5108,5293,5669,5679,5943,5989,5991,6155,6373,6765,6870,7160,8464,8533,8958,8966,30707,30749,30793,30812,31685,33166,40819,45950,47099,47423,48385,49278,49530,49824,51931,53894,55247,56587,59725,63082,63876,68932,69122,69712,72395,72641,72998,79242,80463,81591,81932,82767,84152,88405,88810,91658,96567,96588,96811,97921,97923,97938,100383,101525,104841,105504,106100,106782,108729,111921,112183,112552,112556,112804,117881,132424,137337,139385,140174,140247,140715,145839,146656,148626,159817,160980,161582,163645,166643,171011
48,48,168,172,653,780,1193,1320,1356,1485,1527,1580,1584,1625,1653,1690,2081,2115,2194,2353,2571,2617,2791,2797,3623,3793,4886,5349,5445,5882,5903,6333,8371,8636
49,110,318,356,527,1097,1200,1214,2028,2571,4022,5218,6377,47099,70286,79091,79132,103335,109487,122920,139385,168252
50,1,32,111,165,296,318,356,541,593,596,608,741,750,783,837,858,899,903,909,914,923,924,969,1028,1036,1079,1080,1101,1136,1148,1198,1199,1201,1204,1206,1208,1223,1225,1230,1232,1251,1252,1253,1258,1263,1273,1274,1278,1281,1289,1291,1367,1370,1377,1380,1387,1391,1566,1580,1682,1721,1732,1921,1968,2006,2018,2019,2160,2164,2420,2553,2571,2657,2712,2732,2925,2947,2959,3000,3022,3034,3114,3168,3221,3415,3462,3730,3868,3949,4226,4282,4306,4399,4658,4886,4896,4914,4928,5004,5021,5218,5459,5618,5669,5810,5816,5932,6239,6377,6539,6662,6663,6666,6711,6773,6807,6874,6975,7063,7206,7247,7327,7396,7438,7700,7748,8143,8157,8235,8253,8361,8368,8379,8879,8928,8961,8974,26258,26326,26422,26729,27156,27513,27773,30793,32031,32657,32659,32875,32898,33781,33794,37545,38038,41566,44022,44555,44719,45517,45880,46062,46578,46862,47099,48385,48780,49272,50872,52885,54272,55247,56174,58559,59615,59784,60397,62336,62644,63082,63312,64278,66335,69122,69644,71156,71264,72378,72998,74458,78499,79132,79224,79702,81018,81562,82848,85796,87222,88911,89774,90522,90746,91094,92046,92427,92475,93114,93326,94677,94864,95543,96079,96606,96610,97225,97304,97923,97938,99114,100498,101072,102407,103171,103228,103335,104283,104841,104913,105250,106782,107338,107565,108932,109374,109487,110102,111732,111921,112183,112552,113374,114335,115203,116797,117176,117529,122882,122898,122904,122918,127146,128360,128620,128695,134170,134515,135143,135456,135887,136018,136020,136305,136564,136864,137857,138208,139385,139644,140928,142074,142448,142602,142961,142997,143859,143969,148626,149406,151759,152081,156607,158238,160569,164280,165969,167370,168254,168492,170705,170875,171701,171759,172013,172461,174055,174141,174403,174737,175485,175661,175693,175705,175707,175743,175781,176101,176371,179073,188301,190183
51,2,3,7,36,65,70,76,93,111,141,170,177,186,230,236,247,260,316,317,327,333,339,344,377,380,383,387,433,442,466,468,479,482,497,505,520,522,527,551,555,589,593,597,610,616,653,661,708,719,781,804,829,849,858,912,919,924,934,953,965,1009,1011,1014,1024,1033,1079,1088,1090,1093,1186,1196,1200,1201,1214,1215,1224,1235,1243,1244,1249,1257,1267,1272,1276,1287,1298,1301,1302,1304,1350,1371,1373,1391,1407,1457,1479,1499,1500,1580,1591,1608,1639,1641,1645,1663,1665,1674,1688,1690,1748,1753,1777,1784,1792,1805,1834,1845,1873,1918,1953,1967,1991,1994,1997,1999,2011,2015,2023,2033,2054,2060,2097,2100,2123,2124,2133,2137,2140,2148,2150,2151,2159,2167,2169,2183,2194,2248,2249,2265,2279,2282,2291,2301,2302,2321,2322,2356,2363,2371,2374,2375,2376,2379,2380,2391,2393,2402,2407,2408,2420,2454,2455,2470,2490,2524,2533,2554,2580,2587,2598,2605,2613,2615,2617,2634,2641,2644,2661,2664,2668,2683,2701,2724,2746,2752,2762,2788,2791,2797,2802,2808,2826,2836,2871,2872,2901,2916,2942,2951,2978,2995,3070,3082,3107,3108,3115,3148,3186,3219,3253,3255,3257,3274,3361,3363,3388,3396,3421,3430,3471,3481,3489,3501,3614,3624,3638,3671,3681,3683,3763,3785,3799,3809,3814,3863,3868,3917,3918,3949,3959,3968,3969,3994,4002,4014,4018,4034,4041,4054,4148,4215,4238,4241,4255,4262,4267,4270,4291,4293,4308,4327,4340,4344,4437,4447,4464,4496,4508,4518,4591,4713,4855,4865,4876,4878,4886,4971,4992,5040,5060,5171,5254,5339,5377,5378,5459,5481,5505,5568,5620,5672,5712,5816,5956,6323,6371,6502,6659,6708,6711,6786,6793,6807,6873,6880,6934,7000,7004,7007,7040,7147,7160,7163,7254,7438,7569,7757,7983,8464,8533,8623,8784,8874,26680,33166,33615,34338,35836,39183,39414,42723,45666,47997,48774,48877,51662,52722,52973,53953,54001,54286,56367,57532,58559,59306,59615,59900,60074,60487
52,150,260,293,318,356,364,588,733,1196,1198,1210,1704,1784,1923,2324,2571,2959,3753,3996,4901,5010,5064,5418,5669,6874,7153,7361,7438,7445,8464,8665,8874,8961,30749,31685,31696,33646,34405,34437,35836,36529,37733,39183,39444,40583,44191,44665,45447,46976,47099,47200,47610,47997,48304,48516,48738,48774,49272,49530,49651,50794,50872,51077,51255,51662,52245,52281,52328,52973,54286,54503,54736,54995,54997,54999,55118,55276,55363,55765,56801,57368,57528,57669,58559,58998,59369,59784,59900,60069,60684,61132,62374,63082,63113,64620,65514,68358,68954,69122,69481,70286,71535,72998,73017,74458,76093,79091,79132,81847,86892,89745,93721,93838,95167,96079,96811,98809,110501,112138,112175,112852,119145,122882,122886,122900,122904,134130,134368,134853,152081
53,203,249,381,413,481,748,880,916,922,1049,1100,1125,1256,1298,1441,1982,2616,2686,3100,4019
54,1,17,21,32,47,50,110,150,161,194,205,288,296,318,329,339,356,377,410,420,454,457,469,480,500,586,588,589,590,592,593,595,639
55,186,673,1275,1293,1357,1947,2005,2100,2278,2393,2407,2427,2490,2542,2580,2763,2890,3101,3275,4011,27831,33166,44665,48516,54286
56,10,11,19,39,47,69,110,153,160,161,165,173,185,196,208,225,231,253,288,292,296,315,316,317,318,329,333,344,349,356,364,367,370,380,410,420,434,454,457,480,493,589,592,593,733,786
57,1,6,10,11,21,32,39,50,52,65,69,70,89,95,104,107,110,112,141,150,151,153,158,160,162,171,185,198,208,224,227,234,235,260,265,272,296,303,305,316,329,349,355,356,357,364,367,377,379,380,382,410,417,421,431,434,440,442,457,471,473,474,480,485,494,497,500,515,516,518,520,527,537,539,541,551,552,553,587,588,589,590,592,593,594,595,596,597,608,610,648,653,671,673,674,707,720,728,733,736,745,748,750,761,762,778,780,781,783,786,810,838,849,851,858,861,866,880,892,897,899,903,904,908,911,912,913,915,920,922,923,924,933,940,942,951,955,969,991,994,999,1027,1028,1030,1032,1036,1047,1049,1059,1060,1079,1080,1092,1094,1100,1101,1127,1129,1136,1148,1179,1183,1184,1193,1196,1197,1198,1200,1201,1204,1206,1208,1210,1212,1220,1221,1222,1223,1226,1234,1240,1242,1243,1248,1249,1250,1252,1254,1256,1257,1265,1266,1268,1269,1270,1274,1275,1276,1277,1278,1282,1283,1284,1285,1287,1288,1291,1303,1304,1320,1356,1370,1371,1372,1373,1374,1375,1376,1377,1378,1379,1385,1388,1391,1407,1416,1425,1429,1441,1468,1479,1498,1499,1500,1513,1517,1518,1527,1544,1552,1562,1564,1573,1580,1584,1590,1597,1603,1608,1610,1614,1616,1617,1620,1641,1643,1646,1653,1670,1673,1674,1676,1678,1682,1688,1690,1704,1711,1721,1722,1726,1747,1748,1769,1784,1831,1858,1866,1882,1884,1907,1909,1912,1939,1953,1954,1968,2000,2001,2002,2005,2006,2009,2019,2021,2023,2028,2054,2067,2080,2081,2083,2087,2088,2094,2100,2102,2108,2109,2115,2124,2140,2150,2155,2174,2193,2194,2202,2232,2268,2273,2288,2289,2291,2297,2300,2301,2302,2311,2321,2324,2336,2353,2354,2355,2376,2390,2393,2396,2403,2405,2406,2407,2429,2470,2476,2478,2490,2529,2530,2532,2571,2580,2599,2605,2616,2617,2628,2640,2641,2642,2681,2683,2687,2690,2700,2701,2706,2709,2716,2723,2759,2761,2762,2770,2788,2791,2797,2802,2804,2858,2916,2917,2918,2921,2922,2935,2941,2947,2949,2951,2961,2968,2985,2987,2989,2990,2997,3020,3022,3030,3032,3033,3044,3045,3064,3066,3070,3081,3082,3104,3105,3107,3108,3114,3159,3160,3175,3208,3253,3255,3256,3258,3259,3260,3269,3272,3301,3334,3361,3386,3396,3426,3429,3435,3441,3446,3466,3471,3479,3489,3494,3500,3507,3527,3543,3552,3578,3593,3614,3624,3628,3632,3635,3638,3639,3643,3671,3681,3685,3686,3697,3704,3705,3740,3753,3769,3773,3774,3811,3827,3835,3836,3901,3937,5060
58,3,5,7,19,21,22,31,32,36,39,44,47,48,50,62,110,141,150,153,161,165,168,173,185,186,196,203,208,216,218,222,223,224,225,231,234,248,249,253,261,265,266,276,277,280,282,288,292,293,296,300,315,317,318,327,333,337,339,342,344,345,349,350,353,356,357,362,364,367,368,371,372,377,380,419,435,440,454,455,457,474,475,477,480,497,500,508,509,520,527,529,539,540,543,551,552,555,587,588,589,590,592,594,595,596,597,616,648,708,736,780,1073
59,10,41,105,110,111,260,350,367,480,527,541,552,589,593,608,647,648,733,750,780,858,903,904,906,912,913,922,924,928,965,969,1086,1090,1094,1097,1151,1183,1188,1196,1208,1210,1212,1219,1221,1222,1224,1233,1244,1247,1250,1252,1263,1269,1299,1361,1428,1480,1552,1573,1580,1610,1617,1625,1631,1674,1696,1722,1797,1918,1927,1944,1953,2020,2028,2067,2075,2076,2160,2174,2294,2352,2427,2550,2571,2616,2671,2726,2763,2944,2968,2987,3075,3204,3230,3256,3386,3448,3450,3461,3462,3471,3479,3489,3498,3504,5060,6460
60,48,50,60,318,362,455,527,783,805,832,858,1203,1242,1562,2067,2150,2724,2739,3386,3424,6016,58559
61,16,32,50,173,235,266,293,318,555,593,1080,1089,1090,1101,1201,1208,1213,1214,1258,1304,1653,1917,2012,2174,2710,3949,4011,4226,4878,4993,5952,6502,6796,6874,7153,7361,7438,27831,30707
62,2,6,47,110,260,293,296,318,344,356,410,527,586,593,778,858,1089,1097,1193,1196,1198,1203,1210,1221,1246,1265,1270,1291,1580,1610,1645,1653,1682,1704,1721,1732,1961,2011,2012,2023,2028,2115,2124,2329,2571,2617,2628,2762,2953,2959,3000,3114,3147,3252,3578,3752,3793,3948,3949,3969,3977,3994,4011,4148,4223,4262,4270,4306,4367,4878,4896,4963,4973,4993,4995,5254,5349,5378,5388,5445,5459,5502,5618,5630,5816,5903,5952,5989,5995,6058,6333,6365,6373,6534,6539,6541,6564,6863,6874,6934,7143,7153,7254,7293,7361,7373,7438,7458,8360,8368,8371,8529,8636,8641,8914,8950,8961,8972,8984,27660,27706,27808,27831,30793,31658,31696,32587,33162,33493,33660,33679,33794,34150,36529,37729,37733,38061,40815,41566,41569,44191,45447,45499,45517,45722,46723,46972,46976,47099,47610,48043,48385,48394,48516,48780,49130,49272,49530,49649,50804,51086,51540,51662,52604,52722,53121,53125,53322,53464,54001,54503,54997,55820,55908,56174,56587,56757,56775,58047,58559,58803,59315,59501,60040,60069,60072,60074,60126,60684,60756,61024,63072,63113,63992,64957,64969,67734,68157,68237,68319,68554,68848,68954,69122,69757,69844,71106,71535,72011,72998,73017,74228,74458,74789,77561,78105,78772,79132,79357,79702,80693,81564,81834,81845,82461,83369,84152,85414,86332,86880,86911,87232,87430,87520,88125,88140,88163,88405,89492,89745,89864,90866,91500,91529,91542,91658,94777,94864,96079,96610,96821,96829,96861,97921,97938,98809,99114,99149,101864,102123,102125,102903,103042,103341,103772,104211,104374,104863,104879,106002,106072,106487,106489,106782,106918,107348,107406,108190,108729,109374,109487,110102,111360,111362,111659,111743,111759,112552,112556,112804,112852,113741,114180,114662,114678,114935,115149,115210,115569,115680,115713,116797,116823,116897,117176,118696,119141,122882,122886,122892,122896,122898,122900,122904,122912,122916,122918,122920,122922,122924,122926,128360,128512,135133,135143,135518,135536,135569,136020,136864,137857,139385,140110,142222,143355,150548,158238,158966,159093,161131,162606,164179,166528,166534,166635,168248,168250,168252,170827,171763,172591,173925,174053,175303,175661,176371,176601,179401,179819,182715,183611,184471,185031,185135,187593,187595
63,1,10,32,34,47,50,110,111,150,153,165,208,231,260,293,296,318,344,356,357,364,367,377,480,500,527,555,586,588,589,592,595,608,648,745,778,780,858,912,913,924,953,969,1036,1073,1080,1084,1089,1097,1136,1148,1193,1196,1198,1200,1201,1202,1203,1208,1210,1213,1214,1220,1221,1222,1223,1234,1262,1265,1270,1278,1282,1288,1291,1387,1393,1527,1580,1617,1682,1704,1732,1923,1945,1965,1968,2000,2028,2078,2115,2329,2542,2571,2683,2692,2716,2788,2791,2858,2918,2959,2997,3000,3088,3285,3409,3421,3435,3481,3535,3552,3555,3578,3617,3623,3717,3751,3752,3755,3785,3793,3868,3897,3948,3949,3996,4011,4014,4022,4027,4105,4223,4226,4246,4262,4299,4306,4310,4344,4734,4816,4874,4878,4886,4890,4896,4963,4979,4993,4995,5010,5218,5349,5377,5378,5418,5445,5464,5481,5618,5669,5872,5903,5945,5952,5989,6016,6104,6350,6365,6502,6539,6541,6874,6934,6942,7022,7132,7153,7254,7361,7387,7438,7980,8361,8376,8464,8665,8873,8874,8917,27846,27904,30793,30810,31658,32587,33004,33779,33794,38038,41566,45722,45728,48385,48516,48774,48780,49272,50872,51255,53000,53125,53972,54259,54272,54286,57669,58559,59615,60069,61323,64285,67997,68358,68954,69481,71535,73017,74458,77455,77561,77800,78499,79132,79702,81229,81845,85414,86290,86504,87232,88140,89745,89753,89904,91500,91529,91630,91658,92494,92535,95858,96079,96610,97913,98491,102217,102445,104069,106487,106696,108932,110102,111362,111759,111781,112852,115617,122892,134853
64,1,3,6,16,19,22,25,32,34,36,39,45,47,48,50,70,104,110,111,112,141,151,153,159,160,163,185,186,198,207,223,231,236,253,260,265,266,293,296,307,316,317,318,333,344,350,353,355,356,357,364,365,367,370,377,432,435,466,480,500,509,520,527,543,553,555,585,586,587,588,589,590,593,595,596,597,608,628,647,697,708,736,762,778,780,783,784,785,786,788,858,908,919,924,968,1028,1029,1036,1042,1059,1060,1061,1073,1079,1088,1089,1090,1092,1094,1096,1097,1101,1120,1136,1148,1183,1193,1196,1197,1203,1204,1207,1208,1210,1213,1214,1215,1217,1221,1222,1225,1228,1240,1250,1258,1263,1265,1266,1276,1282,1285,1287,1288,1293,1302,1320,1339,1343,1345,1348,1358,1387,1391,1396,1405,1407,1408,1466,1479,1485,1513,1517,1527,1552,1569,1580,1617,1625,1639,1641,1644,1645,1673,1682,1690,1704,1717,1729,1732,1748,1762,1777,1784,1805,1883,1889,1907,1911,1912,1917,1947,1953,1961,1967,1968,1994,2003,2005,2006,2018,2019,2023,2028,2054,2064,2078,2080,2082,2085,2087,2100,2115,2124,2140,2161,2167,2174,2193,2194,2248,2268,2273,2278,2291,2294,2302,2313,2321,2324,2329,2355,2369,2394,2395,2396,2406,2420,2427,2450,2470,2502,2539,2541,2542,2571,2580,2581,2599,2617,2640,2657,2683,2692,2694,2699,2700,2706,2710,2712,2722,2723,2746,2761,2762,2770,2797,2804,2826,2858,2871,2905,2908,2916,2918,2959,2987,2997,3005,3030,3033,3041,3052,3072,3100,3101,3105,3107,3108,3114,3147,3148,3160,3175,3176,3210,3247,3253,3257,3273,3300,3301,3354,3362,3386,3396,3408,3418,3421,3450,3481,3489,3499,3510,3526,3535,3552,3556,3608,3617,3671,3717,3752,3755,3785,3793,3809,3827,3863,3897,3916,3949,3969,3994,3996,4002,4011,4016,4022,4023,4025,4027,4034,4105,4128,4144,4148,4223,4226,4235,4239,4246,4262,4270,4306,4308,4310,4321,4343,4369,4370,4380,4448,4489,4571,4641,4701,4720,4734,4773,4776,4816,4865,4878,4886,4896,4964,4973,4975,4979,4980,4993,5010,5015,5026,5064,5152,5218,5225,5254,5266,5291,5299,5308,5388,5417,5418,5445,5481,5502,5528,5617,5630,5669,5673,5679,5690,5782,5810,5816,5878,5902,5903,5952,5954,5956,5991,6016,6155,6188,6214,6218,6242,6281,6287,6296,6323,6331,6333,6365,6373,6377,6385,6502,6539,6659,6711,6796,6863,6870,6874,6936,6944,6957,6975,7004,7090,7139,7147,7153,7160,7162,7235,7254,7293,7318,7360,7361,7411,7438,7445,7451,7701,7743,7930,7982,8014,8093,8360,8368,8376,8464,8528,8622,8623,8641,8645,8783,8784,8795,8798,8832,8873,8874,8917,8949,8950,8957,8961,8981,8983,26504,27020,27266,27523,27773,27801,27869,30707,30793,30810,31878,32587,33166,33683,33794,34072,34162,34437,37733,39183,40815,40819,41566,41569,42632,45447,46578
65,318,527,1036,1246,1682,2028,2329,2959,3147,4226,4993,7153,7458,8798,33660,36529,44191,46976,47610,48780,55247,58559,64614,74458,79132,88140,89774,91542,97752,97921,109487,111759,116797,122904
66,1,5,18,19,21,29,32,47,50,110,111,172,181,208,223,224,248,255,260,272,273,282,293,296,318,337,356,357,380,415,442,457,480,481,485,516,523,529,535,541,551,555,586,589,590,592,593,608,612,628,637,663,671,762,780,799,805,849,903,912,919,922,953,954,1004,1023,1027,1036,1047,1049,1073,1079,1080,1089,1090,1093,1094,1100,1127,1136,1186,1196,1197,1198,1200,1201,1203,1206,1210,1213,1214,1215,1216,1217,1222,1224,1240,1242,1243,1246,1247,1252,1257,1258,1259,1261,1265,1266,1270,1275,1284,1285,1288,1302,1326,1346,1356,1358,1370,1378,1382,1394,1407,1449,1488,1500,1517,1527,1541,1569,1610,1616,1625,1639,1641,1682,1704,1748,1769,1784,1845,1862,1912,1917,1918,1923,1952,1956,1961,1968,2000,2001,2002,2011,2019,2020,2028,2115,2139,2146,2194,2248,2257,2261,2268,2288,2291,2302,2312,2316,2355,2401,2420,2421,2463,2470,2502,2571,2580,2599,2617,2628,2648,2683,2700,2706,2710,2716,2762,2763,2795,2797,2802,2805,2858,2918,2951,2956,2959,2966,2987,3029,3033,3037,3039,3045,3052,3063,3072,3074,3098,3100,3101,3105,3108,3198,3201,3219,3252,3254,3262,3271,3355,3421,3444,3481,3499,3526,3552,3578,3686,3697,3698,3740,3745,3809,3911,4027,4040,4041,4079,4085,4128,4149,4158,4203,4226,4231,4306,4322,4465,4499,4537,4572,4581,4585,4591,4611,4616,4654,4720,4787,4886,4993,5023,5265,5283,5299,5329,5349,5418,5445,5459,5464,5481,5548,5574,5617,5618,5644,5673,5747,5902,5952,5957,6022,6025,6124,6188,6238,6287,6313,6333,6377,6378,6539,6617,6636,6708,6711,6754,6773,6786,6807,6832,6874,6936,6947,6979,6996,7004,7015,7018,7027,7028,7046,7048,7069,7090,7127,7143,7147,7153,7173,7293,7325,7361,7373,7438,7482,7493,7624,7647,7766,8024,8158,8360,8493,8636,8665,8784,8798,8874,8961,51255
67,293,296,318,356,589,1036,1270,1291,1527,1580,2011,2012,2028,2329,2571,2858,2959,4011,4306,4886,4993,5418,5574,5628,5952,6377,6539,7153,8604,8605,27193,60069,68157,79132,99114,152081
68,1,2,3,5,6,7,10,11,16,17,18,19,25,26,31,34,39,44,47,48,50,62,65,70,95,104,110,135,140,141,150,153,158,160,163,165,168,170,173,180,185,193,203,207,208,216,223,231,247,252,253,256,260,261,266,276,282,292,293,296,303,316,317,318,333,337,339,344,345,350,355,356,357,361,364,367,368,370,376,377,379,380,410,420,432,434,435,440,441,442,454,455,457,466,480,485,500,508,514,520,527,531,539,541,546,551,552,553,555,562,585,586,587,588,589,590,592,593,594,595,596,597,608,616,628,637,647,648,653,708,709,724,736,737,762,780,783,785,786,788,802,805,830,832,838,852,858,875,902,910,912,919,920,923,924,932,953,1017,1019,1020,1022,1025,1027,1028,1029,1031,1032,1035,1036,1042,1049,1059,1060,1073,1088,1089,1090,1097,1101,1103,1120,1124,1127,1129,1136,1193,1196,1197,1198,1200,1201,1206,1207,1208,1210,1213,1214,1215,1219,1220,1221,1222,1228,1234,1240,1243,1258,1265,1267,1270,1275,1276,1278,1282,1287,1291,1292,1297,1302,1307,1320,1333,1339,1345,1367,1370,1377,1378,1380,1381,1387,1388,1391,1393,1407,1408,1409,1416,1438,1453,1457,1466,1476,1479,1485,1499,1500,1513,1515,1517,1527,1544,1552,1556,1562,1569,1573,1580,1584,1586,1587,1588,1590,1597,1608,1610,1614,1617,1619,1620,1625,1635,1644,1645,1653,1663,1672,1673,1674,1676,1680,1682,1688,1690,1703,1704,1711,1717,1721,1722,1729,1732,1777,1779,1784,1792,1799,1801,1805,1831,1835,1866,1873,1876,1882,1883,1884,1885,1888,1892,1894,1895,1912,1917,1918,1923,1954,1961,1967,1968,1982,1994,1997,2000,2001,2002,2003,2005,2006,2011,2012,2018,2019,2023,2028,2046,2054,2067,2078,2080,2081,2082,2083,2085,2087,2094,2096,2100,2108,2109,2111,2115,2124,2125,2133,2134,2139,2140,2144,2145,2150,2161,2167,2174,2193,2194,2231,2232,2248,2249,2268,2273,2278,2288,2291,2294,2301,2302,2321,2324,2329,2334,2335,2338,2340,2353,2355,2385,2395,2396,2405,2406,2407,2409,2411,2413,2420,2423,2424,2427,2428,2431,2470,2471,2478,2485,2490,2491,2496,2501,2502,2539,2541,2542,2560,2567,2571,2572,2581,2599,2605,2606,2616,2617,2628,2640,2657,2662,2671,2683,2688,2692,2694,2699,2700,2701,2706,2707,2710,2713,2716,2717,2719,2722,2724,2728,2746,2762,2763,2791,2794,2797,2803,2804,2806,2808,2826,2840,2858,2881,2888,2890,2908,2915,2916,2918,2947,2948,2949,2950,2953,2959,2985,2987,2989,2993,2995,2997,3000,3005,3033,3034,3039,3052,3077,3081,3082,3098,3100,3101,3105,3107,3114,3146,3147,3160,3168,3173,3174,3175,3176,3178,3186,3210,3247,3252,3253,3254,3255,3257,3259,3264,3270,3273,3275,3285,3298,3300,3301,3396,3408,3409,3421,3438,3444,3448,3450,3452,3471,3476,3477,3481,3489,3510,3527,3534,3535,3536,3552,3553,3554,3555,3556,3578,3593,3617,3623,3635,3638,3653,3668,3671,3675,3697,3698,3702,3703,3704,3707,3717,3740,3752,3753,3755,3783,3785,3786,3791,3793,3798,3809,3824,3825,3826,3844,3861,3863,3868,3882,3897,3911,3916,3948,3949,3968,3969,3977,3978,3981,3984,3988,3994,3996,4011,4014,4015,4016,4018,4019,4022,4025,4027,4034,4041,4047,4054,4068,4069,4084,4085,4124,4128,4141,4148,4161,4223,4226,4239,4246,4262,4270,4299,4306,4308,4310,4321,4326,4343,4344,4351,4356,4366,4367,4369,4372,4378,4387,4388,4447,4487,4489,4499,4545,4558,4571,4621,4638,4639,4643,4677,4681,4700,4701,4718,4720,4734,4776,4816,4823,4855,4865,4876,4877,4878,4886,4890,4896,4901,4958,4963,4969,4973,4975,4979,4993,4995,5010,5015,5049,5064,5103,5110,5151,5152,5218,5219,5254,5266,5267,5299,5308,5312,5313,5329,5349,5378,5400,5418,5419,5444,5445,5459,5464,5481,5502,5507,5541,5553,5574,5582,5617,5618,5620,5630,5669,5673,5679,5693,5782,5810,5816,5872,5943,5952,5955,5989,5991,5995,6155,6157,6188,6193,6218,6266,6281,6287,6297,6323,6333,6365,6373,6377,6378,6383,6502,6503,6534,6535,6537,6539,6564,6565,6595,6618,6659,6707,6708,6709,6711,6753,6754,6755,6863,6870,6873,6874,6879,6888,6893,6934,6936,6939,6942,6944,6953,7004,7010,7022,7046,7090,7137,7143,7151,7153,7154,7160,7162,7254,7256,7293,7320,7325,7346,7360,7361,7373,7438,7445,7451,7454,7458,7541,7566,8132,8360,8361,8366,8368,8371,8376,8464,8528,8529,8533,8622,8623,8636,8641,8644,8665,8677,8781,8783,8784,8798,8807,8810,8861,8866,8873,8874,8879,8907,8910,8917,8947,8949,8958,8961,8968,8969,8970,8972,8981,8983,8984,8985,26614,26712,26778,26871,27473,27539,27611,27660,27705,27706,27773,27831,30749,30810,30812,30816,30822,30825,31049,31685,31696,31878,32031,32587,32598,33004,33154,33166,33437,33493,33615,33672,33679,33794,34048,34072,34150,34153,34162,34405,34542,35836,36519,37729,37733,38061,39183,39381,40278,40629,40732,40815,40959,41285,41566,41569,41571,41573,41724,41997,42018,42718,42738,44004,44022,44191,44195,44199,44665,44709,44788,45186,45431,45499,45501,45517,45720,45722,45726,45928,45950,46322,46530,46578,46723,46948,46965,46970,46972,46976,47200,47610,47970,47978,47997,47999,48043,48304,48342,48385,48394,48516,48696,48774,48780,49272,49274,49286,49530,49651,49772,49961,50068,50658,50685,50740,50806,50872,51084,51255,51540,51662,51709,51834,51884,51935,52245,52287,52435,52458,52722,52767,52973,52975,53000,53125,53129,53318,53435,53464,53894,53953,53972,53993,53996,54001,54004,54116,54121,54259,54272,54281,54286,54503,54734,54881,54995,54997,54999,55052,55112,55118,55190,55232,55247,55253,55267,55282,55620,55765,55820,55830,56152,56174,56251,56336,56339,56367,56379,56587,56757,56775,56941,56949,57368,57640,57669,57951,58025,58047,58078,58107,58162,58293,58295,58299,58347,58559,58839,58998,59126,59220,59258,59315,59333,59369,59421,59440,59501,59615,59725,59731,59784,59900,60040,60069,60072,60074,60126,60363,60514,60684,60756,60941,60950,61024,61132,61240,61250,62155,62293,62434,62849,62956,62999,63072,63082,63113,63131,63859,64575,64622,64839,64969,64997,65188,66097,66198,66203,66665,66934,67087,67255,67267,67408,67618,68157,68319,68358,68554,68659,68791,68952,68954,69069,69122,69394,69406,69481,69524,69644,69757,69784,69844,69904,70183,70286,70293,70336,70492,70521,70990,71282,71535,71579,72011,72167,72489,72591,72641,72998,73017,73023,74154,74458,74508,74668,74789,74946,76093,76251,76751,77561,78467,78499,78703,78772,79057,79091,79132,79702,80463,80549,80860,80906,81564,81591,81784,81834,81845,81847,81910,81932,82167,82459,83134,83803,84772,85780,86190,86293,86332,86377,86833,86880,86882,87232,87306,87430,88125,88129,88140,88163,88744,88810,89087,89470,89492,89745,89774,89864,90576,91094,91500,91529,91630,92420,93287,93326,93510,93721,93840,94864,94959,95167,95218,95441,95449,95510,95624,95875,96079,96110,97913,97921,98809,99114,102407,102445,103042,103249,104841,106487,106489,106782,107406,109374,111362,111759,112175,112183,112852,114762,116797,116823,117529,118696,119145,122882,122886,122904,122918,122922,134130,135143,139385,142488,152081,164179,166528,166635,168252,176371
69,50,260,296,318,333,356,541,553,589,593,924,1101,1193,1196,1210,1258,1266,1580,1610,1645,1721,1917,2476,2571,2628,2762,2951,3175,3552,3671,3793,3827,3863,3994,4020,4022,4027,4370,4448,4643,4744,4848,4874,4876,4880,4963
70,36,150,246,318,356,376,508,527,529,858,953,1097,1172,1193,1210,1235,1246,1250,1253,1259,1269,1270,1272,1288,1293,1300,1302,1303,1304,1682,1704,1914,1954,1955,1959,1962,1968,2366,2858,2918,3098,3147,3152,3255,3359,3361,3468,3543,3730,4306,4995,5669,5995,7361,8949,37741,55820,63082,69757,72011,89492,91077
71,1,7,17,24,62,86,95,160,165,208,260,494,589,608,609,647,648,707,733,736,780,788,801,802,837,852,1004,1036,1073,1101,1210,1240,1356,1370,1544
72,32,47,50,110,150,165,260,296,318,344,356,377,457,527,589,590,593,648,780,858,912,1047,1093,1193,1196,1198,1210,1216,1221,1270,1357,1586,1962,2136,2329,2427,2490,2571,2634,2805,2858,4973,27193,30825,56174
73,1,150,260,924,1193,1206,1682,1732,1884,2028,2321,2502,2706,2858,3535,3671,3751,3785,3793,3911,3969,4016,4025,4226,4306,4447,4878,4886,4979,4995,5299,6155,6333,6373,6377,6539,6863,6874,6936,7438,7451,8360,8361,8376,8533,8636,8641,8807,8961,8970,8972,30793,33495,33836,34162,35836,41566,44193,45221,45499,45720,45722,46578,47099,47122,47518,48385,48414,49272,50601,50685,51255,51540,52245,52722,52973,52975,53125,53460,53996,54503,55768,56367,56775,58047,58559,58998,59258,59315,59784,60126,60684,60756,61024,61250,61323,62434,63992,64957,64969,65230,66097,68135,68157,68319,68358,68954,69122,69278,69481,69644,69757,70286,70293,71518,71535,72226,72378,72641,72998,73017,74458,74647,75805,76293,78499,79091,79132,79592,80463,81562,81591,86332,86833,86880,87232,87430,87485,87869,88140,88810,89492,89745,91500,91529,91542,92509,93272,93326,93510,93840,95441,95510,96079,96588,96821,97921,99106,99114,101612,102407,102445,102481,103141,103249,103335,104211,105037,106072,106782,107348,108932,109374,109483,109487,110102,111113,111320,111362,111921,112138,112183,112290,112450,112556,112788,112852,113378,114074,115617,116823,117590,117881,119145,122892,122904,123947,126548,127202,128520,131013,134368,134393,134853,138036,138204,140110,149354,151739,152081
74,58,111,194,273,296,307,308,337,382,475,608,858,903,923,926,949,1041,1084,1094,1103,1185,1193,1206,1208,1209,1212,1217,1219,1221,1230,1247,1251,1252,1263,1348,1617,1635,1673,1889,1952,1960,2010,2076,2160,2243,2300,2313,2360,2420,2594,2644,2692,2858,2908,2966,2997,3006,3019,3083,3089,3160,3201,3246,3271,3273,3307,3424,3481,3730,3735,3863,3949,3996,4034,4103,4211,4226,4427,4546,4878,4973,4979,5013,5300,5304,5341,5434,5632,5791,5812,5867,5890,5893,5995,6001,6016,6235,6244,6270,6301,6305,6440,6552,6591,6666,6711,6787,6791,6852,6858,6870,6993,7087,7158,7234,7323,7387,7419,7889,8154,8183,8207,8340,8341,8804,8838,8873,8951,26350,26578,27721,27773,30707,30749,31522,34437,37733,37741,39183,39292,40629,41863,41997,44555,44937,46578,46723,46976,47423,47629,48394,48516,48696,48698,48774,49772,50068,50274,51540,52281,52952,52967,55069,55118,55247,55253,55276,55290,55363,55444,55814,55820,56757,56782,57147,58103,58154
75,47,151,168,173,260,435,515,541,589,592,903,908,912,920,924,928,1036,1090,1196,1198,1199,1200,1204,1214,1234,1240,1253,1266,1275,1291,1320,1372,1374,1376,1610,1653,1721,1889,1962,2078,2115,2193,2467,2529,2571,2628,2640,3034,3176,3681,4306,4369,4993,5008,5445,5952,6303,6870,7001,7123,7153,8360,8865,8961,33493,34405,36519,44191,44199
76,1,47,48,111,158,260,288,296,317,318,356,480,541,551,553,588,589,593,608,673,745,750,778,788,858,923,953,1080,1089,1136,1148,1196,1201,1206,1208,1213,1214,1220,1221,1247,1250,1258,1278,1288,1367,1682,1732,1884,2019,2318,2502,2571,2628,2731,2762,2791,2858,2918,2959,3671,4226,4878,4963,5445,5679,5952,5956,6016,6373,6377,6539,6874,6934,7143,7153,7254,7669,8641,8957,8961,27611,30707,31410,33004,33493,34048,34405,39446,40815,41566,42723,44195,48877,51662,52281,54503,55577,55820,56174,56782,57669,58559,58803,61323,63436,63992,67255,68157,69122,72129,73017,74458,77455,79132,80463,81535,82461,99114,117176
77,260,1196,1198,1210,2571,3578,3948,3996,4226,4878,4973,4993,5349,5378,5418,5816,5952,5989,6539,7153,7361,7438,8636,8961,33794,54286,58559,79132,109487
78,1,20,32,150,165,260,296,318,344,356,370,377,380,466,480,546,589,590,593,608,648,743,780,836,1036,1198,1200,1240,1270,1291,1359,1370,1552,1831,2000,2471,2571,2605,2716,2746,2791,2792,2795,2991,3087,3809,3826,3868,3869,4085,4571,5400,5541,6537,8528,27904,44974,53972,59315,68358,68791
79,6,164,246,260,307,377,457,480,589,858,1127,1189,1191,1192,1196,1197,1200,1210,1215,1218,1220,1221,1222,1240,1242,1261,1291,1345,1374,1387,1580,1610,1912,1916,1954,2000,2019,2028,2076,2150,2249,2406,2427,2571,2659,2692,2791,2916,2944,2947,3006,3029,3062,3104,3142,3197,3256,3266,3425,3576,3578,3702,3984,4005
80,32,50,150,318,431,593,648,858,1200,1214,1221,1258,1302,1527,1625,1676,1921,2232,2291,2470,2513,2571,2763,2959,3147,3275,3285,3300,3527,3534,3535,3623,3826,3863,4223,4226,4720,4776,4848,4878,4886,4887,4963,4995,5064,5103,5349,5388,5418,5445,5502,5630,5679,5903,5989,6059,6281,6323,6365,6502,6539,6754,6874,6934,6952,7154,7438,7445,8361,8644,8665,8798,8810,8861,8914,8950,8957,33794,34048,34319,40583,42738,44191,44199,44665,44974,45186,47610,48394,48516,48774,48780,49272,49278,49530,51080,51662,51935,52604,53000,53129,53322,53953,53972,54286,55765,56174,57368,58559,59315,59369,60030,60684,63113,65216,65682,69122,69654,70286,71135,71535,72998,74458,75395,76251,77561,78266,78349,79132,80219,80363,80489,80831,81417,81591,82041,83134,84152,84189,84601,85397,85414,86190,87232,89470,90405,90469,91500,91535,91630,91658,91974,93297,93840,94864,96079,96691,96917,98361,98961,100383,100810,101864,102125,103075,103249,103688
81,10,32,47,110,150,153,161,165,208,231,288,296,316,318,329,344,356,364,367,377,380,457,480,588,589,592
82,1,2,6,10,34,47,104,110,145,153,158,163,165,170,185,196,231,260,293,303,317,337,344,356,357,364,367,368,370,380,420,442,454,466,480,588,589,590,592,595,648,733,780,784,788,832,858,1036,1047,1089,1092,1101,1127,1196,1198,1200,1201,1210,1214,1221,1270,1291,1367,1370,1372,1377,1387,1485,1517,1527,1544,1552,1556,1562,1573,1580,1608,1645,1690,1721,1748,1801,1876,1923,2000,2001,2004,2006,2011,2012,2028,2115,2273,2355,2378,2380,2381,2383,2384,2410,2490,2571,2606,2617,2628,2683,2700,2701,2770,2948,2987,3052,3253,3418,3452,3578,3617,3623,3624,3638,3703,3717,3744,3753,3785,3793,3861,3948,3977,4015,4018,4022,4025,4084,4085,4153,4238,4246,4255,4270,4306,4310,4344,4367,4369,4386,4388,4701,4718,4816,4886,4989,4993,5065,5093,5094,5106,5218,5219,5220,5296,5299,5349,5400,5414,5419,5445,5449,5459,5481,5507,5669,5679,5803,5872,5874,5900,5991,6006,6014,6155,6156,6157,6249,6266,6287,6338,6373,6377,6378,6383,6484,6503,6534,6536,6537,6539,6541,6548,6550,6564,6566,6586,6593,6595,6686,6687,6702,6708,6750,6752,6764,6863,6873,6879,6886,6887,6888,6946,6949,6953,6958,7142,7149,7153,7154,7325
83,110,161,318,356,364,480,505,541,586,595,750,916,923,924,1036,1090,1172,1199,1204,1206,1222,1223,1225,1246,1250,1258,1270,1280,1282,1291,1348,1385,1537,1653,1676,1682,1726,1862,1960,2028,2115,2324,2389,2728,2762,2858,2950,3147,3155,3159,3462,3578,3624,3753,3967,4022,4226,4306,4310,4370,4720,4963,4973,4975,4993,4995,5010,5291,5349,5418,5903,5952,6016,6502,6539,6874,7099,7143,7153,7254,7323,7387,7438,7458,7669,8014,8622,8873,8874,8977,27397,30749,31878,40278,40629,44191,48394,48774,48997,51662,53318,55442,56367,58303,58559,59615,64983,65216,68954,69844,70286,71535,72998,76093,76251,79132,81845,88125
84,4,5,6,7,10,11,14,17,21,25,31,34,36,45,46,50,52,55,57,62,94,95,100,102,105,113,122,140,141,147,150,154,161,164,165,180,181,194,195,214,223,224,225,230,232,234,235,236,237,246,247,248,260,261,265,266,270,272,276,277,287,289,296,299,300,302,305,306,318,319,321,324,326,331,334,339,342,348,349,350,354,356,357,361,368,369,371,377,378,380,381,406,412,415,420,435,440,445,446,452,454,457,468,474,475,477,480,491,500,507,508,509,515,524,527,532,534,537,538,539,551,580,585,586,587,590,592,593,597,608,628,637,647,671,691,708,719,722,726,733,736,762,788,800,802,805,818,830,838,852,858,898,899,900,902,904,908,909,910,912,914,915,916,919,920,922,923,926,931,932,933,934,948,951,953,954,955,971,987,1009,1010,1011,1013,1018,1023,1028,1035,1036,1042,1057,1073,1077,1079,1081,1082,1088,1090,1091,1092,1094,1096,1097,1101,1103,1104,1124,1131,1132,1135,1136,1171,1172,1173,1177,1179,1184,1185,1186,1187,1189,1190,1191,1193,1194,1196,1197,1198,1200,1203,1207,1208,1210,1213,1214,1217,1219,1220,1225,1227,1228,1230,1231,1234,1235,1242,1244,1246,1247,1258,1259,1263,1265,1266,1267,1268,1269,1270,1271,1272,1276,1280,1285,1286,1288,1290,1291,1292,1293,1295,1296,1299,1300,1302,1304,1305,1307,1333,1343,1345,1346,1367,1371,1374,1380,1381,1387,1388,1393,1394,1395,1408,1414,5060
85,53,314,515,527,538,1140,1183,1185,1207,1237,1357,1358,1391,1414,1446,1449,1480,1519,1584,1596,1624,1633,1635,1641,1643,1683,1693,1694,1696,1704,1711,1719,1730,1747
86,1,165,260,318,356,419,457,480,588,590,595,648,780,1091,1097,1196,1210,1265,1680,1721,1835,1961,2028,2411,2421,2571,2628,2642,2687,2762,2805,2858,2959,3300,3555,3578,3793,3996,4226,4306,4310,4886,4901,4963,4993,5266,5418,5445,5952,6373,6377,6539,6947,7147,7153,7361,33679,33794,51662,58293,58559,59315,60069,66097,69951,71264,72356,74553,79132,95510
87,60,262,327,531,671,1077,1136,1345,1584,2009,2139,2300,3504,3593,3910,4023,4571,4973,5618,5971,7022
88,16,50,69,223,318,527,785,1193,1358,1597,1625,1732,1884,1994,2105,2478,2542,3255,3275,3476,3897,4226,4262,4878,4963,4993,4995,5418,5952,5989,5995,6464,6502,6870,6874,7147,7153,7312,7438,8665,8677,8950,26974,44191,46578,48394,48516,48774,54286,55820,56782,58559,68157,74795,79132,83177
89,1,11,88,104,356,357,588,745,750,788,898,899,901,902,905,909,910,911,915,916,918,936,945,946,947,950,951,954,955,1079,1080,1136,1148,1197,1223,1230,1234,1256,1265,1269,1270,1278,1288,1307,1394,1485,1517,1580,1682,1732,1923,2059,2085,2294,2324,2335,2355,2395,2424,2539,2599,2683,2706,2716,2791,2918,2935,2936,2987,2997,3022,3061,3088,3097,3114,3157,3175,3255,3307,3315,3462,3481,3549,3599,3604,3606,3624,3751,3752,3785,3868,3882,3948,3977,3991,4014,4015,4023,4246,4300,4306,4388,4447,4641,4700,4701,4728,4886,4890,4899,4928,4973,4979,5048,5092,5110,5218,5220,5283,5299,5419,5449,5480,5481,5529,5621,6156,6188,6218,6271,6287,6402,6550,6586,6604,6650,6666,6686,6783,6863,6936,6942,6958,7067,7209,7293,7297,7325,7346,7381,7451,8154,8238,8360,8372,8528,8814,8978,25887,26183,26184,26265,26429,26645,27619,27826,30793,31685,31851,31925,32031,32060,32243,32596,33004,33090,33646,33679,33830,34162,34312,34332,35807,37384,37444,38038,39715,40339,40962,41828,42013,42725,42761,44022,44773,44777,44851,45517,46105,46578,46948,47518,47725,47736,48520,48649,48982,49013,49274,49286,49735,50613,50872,50999,51167,51575,52973,53280,53355,53460,53578,54503,55269,56367,56587,58047,58291,58998,59258,59784,60289,60737,61024,61323,62008,62155,64032,64116,65230,65588,66798,66943,67087,67888,68659,68793,69122,69211,69304,69406,69469,69644,69720,69757,70697,71264,71535,72178,72624,72692,72701,73015,73042,73106,73160,73319,73822,74342,74683,74698,74946,76143,76293,76301,77688,78142,78469,78620,78637,79684,79897,80549,80727,80860,81087,81229,81537,82167,82854,83910,83969,84246,84512,84944,85295,85780,85881,86059,86298,86833,86882,87834,87869,88069,88746,88785,88812,89864,89898,90717,91355,91386,91666,92259,92643,93006,93022,93326,93510,94503,94661,94677,94959,95167,95543,95633,95843,96110,96608,96655,96935,97225,97836,98279,99117,99122,99130,99853,100390,100507,101283,102378,102481,102686,102747,102984,103602,104211,104339,104875,105540,105746,106540,106594,106927,107951,108078,108156,108932,108949,109241,109374,109596,110130,111146,111617,112138,113252,113453,115111,116718,116738,116817,116897,117109,117590,118270,118530,118572,118834,118862,118894,119141,119155,119714,120813,121007,121097,121338,121342,121469,121781,122092,124273,124404,125970,125974,126088,126577,126921,127052,127134,128087,128089,128366,128520,128594,128852,128944,128968,129011,129354,130452,130518,130520,131013,131098,131104,131130,131439,131610,131826,132153,132422,132496,132584,132800,133712,133867,133879,134004,134334,134847,135777,135887,135937,136341,136353,136355,136359,136503,136834,139157,139640,139994,140133,140481,140541,140561,140711,141513,141544,141646,141830,141928,142196,142444,142550,142831,143031,143559,144222,145491,146244,146684,146986,147410,147936,148632,148775,149350,149352,149406,149508,149566,150554,151739,153386,153408,155589,156025,156781,157296,157775,158238,158398,158882,159069,160567,161131,163527,164200,164226,164707,167018,167380,167772,167854,169912,170837,170993,171751,171811,172321,173253,174681,176621,176805,177185,177765,179211,181065,182293,182297,182299,182731,184349,184791
90,1,7,14,17,25,32,36,52,58,68,81,82,85,116,141,260,562,581,608,613,617,685,708,728,735,743,766,780,791,805,818,892,896,984,1034,1041,1046,1057,1060,1073,1116,1137,1144,1183,1353,1356,1357,1358,1366,1411,1414,1416,1417,1442
91,1,2,3,6,10,16,19,21,22,25,29,32,36,39,41,47,50,58,88,92,95,104,110,111,112,150,151,153,158,160,161,163,165,172,173,185,186,196,208,223,225,231,235,236,251,252,253,260,266,288,292,293,296,315,316,318,322,329,337,344,349,350,353,356,357,364,367,368,370,374,376,377,380,384,410,420,428,432,433,434,435,442,454,457,464,466,471,474,480,482,485,494,500,502,515,520,533,539,541,543,551,552,553,555,586,587,588,589,590,592,593,594,595,597,606,608,610,628,648,653,678,708,733,736,741,745,750,778,780,784,786,799,802,832,842,858,866,903,904,908,912,919,920,923,924,1028,1035,1036,1073,1079,1080,1089,1092,1094,1097,1101,1125,1127,1129,1136,1148,1183,1193,1196,1197,1198,1199,1200,1201,1206,1207,1208,1210,1213,1214,1215,1219,1220,1221,1225,1234,1240,1241,1242,1246,1249,1253,1257,1258,1259,1261,1262,1265,1266,1270,1274,1276,1278,1288,1291,1297,1298,1304,1307,1321,1337,1340,1347,1350,1356,1358,1370,1373,1374,1375,1376,1377,1380,1385,1387,1391,1393,1394,1396,1405,1407,1408,1485,1500,1517,1527,1544,1552,1573,1580,1584,1608,1610,1617,1644,1645,1653,1676,1682,1687,1704,1747,1748,1760,1762,1771,1805,1845,1876,1885,1909,1917,1921,1923,1954,1961,1967,1968,1974,1981,1994,2000,2001,2002,2011,2012,2019,2028,2054,2058,2060,2072,2076,2081,2096,2097,2100,2115,2117,2122,2137,2138,2140,2144,2146,2160,2174,2194,2236,2268,2287,2288,2289,2291,2298,2302,2353,2355,2395,2396,2402,2403,2419,2420,2431,2450,2455,2456,2463,2502,2518,2522,2529,2542,2571,2598,2599,2617,2625,2628,2641,2651,2654,2657,2668,2683,2692,2699,2700,2706,2710,2712,2713,2716,2717,2723,2761,2762,2782,2784,2790,2791,2797,2804,2817,2867,2868,2871,2890,2916,2918,2944,2947,2949,2959,2985,2987,2990,2992,2993,2997,3000,3013,3017,3018,3031,3070,3081,3113,3114,3147,3153,3175,3176,3182,3249,3254,3263,3267,3275,3298,3300,3354,3360,3408,3421,3429,3471,3481,3499,3508,3535,3550,3563,3576,3578,3623,3633,3671,3681,3697,3698,3703,3704,3708,3727,3740,3745,3768,3785,3793,3809,3810,3826,3836,3837,3840,3841,3868,3882,3893,3897,3917,3948,3949,3977,3984,3994,3996,4007,4027,4034,4084,4092,4105,4109,4214,4226,4254,4262,4304,4306,4316,4327,4340,4351,4369,4386,4438,4448,4571,4587,4599,4624,4626,4629,4641,4645,4661,4678,4720,4774,4800,4846,4850,4855,4878,4886,4896,4909,4963,4975,4979,4987,4993,5060,5165,5294,5308,5346,5349,5378,5418,5438,5445,5459,5464,5479,5500,5582,5585,5588,5618,5640,5650,5669,5673,5679,5693,5749,5903,5952,5988,5989,6203,6218,6219,6242,6283,6327,6333,6365,6375,6378,6395,6461,6503,6539,6620,6629,6638,6659,6678,6707,6721,6731,6744,6755,6807,6820,6857,6863,6874,6963,7000,7028,7090,7118,7123,7153,7308,7360,7387,7438,7454,7482,7492,7561,7569,7650,7802,8016,8147,8157,8266,8340,8368,8370,8426,8501,8507,8581,8636,8798,8874,8910,8961,27317,27873,31696
92,107,327,837,1015,1021,1367,1619,1801,2085,2087,2114,2139,2398,2454,2501,2572,2664,3168,6383,35836,51662,54190,55282,69757
93,1,2,10,15,34,60,86,110,150,153,158,168,173,258,260,316,318,329,339,349,356,357,362,367,368,380,434,480,527,539,552,558,588,590,593,648,653,733,736,761,836,849,1015,1049,1097,1265,1356,1359,1372,1377,1476,1499,1552,1562,1580,1591,1606,1615,1641,1676,1704,1721,1779,1784,1894,1917,1923,2006,2012,2021,2028,2054,2094,2103,2105,2153,2161,2167,2174,2193,2268,2302,2321,2355,2359,2396,2424,2431,2567,2617,2628,2720,2797,2822,2872,2916,2968
94,2,10,11,17,19,21,32,34,39,44,47,95,110,150,153,160,161,165,185,208,225,231,253,266,282,288,292,296,316,317,318,329,337,344,356,357,364,367,377,380,410,420,432,434,435,457,480,500,586,587,588,589,590,592,593,597
95,7,18,25,29,32,34,39,122,162,176,260,293,358,480,539,541,589,608,741,913,924,1011,1036,1042,1089,1094,1175,1196,1198,1200,1206,1208,1210,1214,1221,1228,1240,1247,1270,1274,1291,1307,1374,1381,1396,1513,1527,1529,1584,1617,1653,1659,1748,1912,1921,1967,1968,2009,2010,2021,2023,2028,2072,2085,2105,2115,2167,2268,2280,2396,2423,2528,2571,2600,2640,2692,2706,2735,2804,2952,2968,2985,2990,3019,3033,3053,3070,3071,3298,3361,3418,3424,3527,3690,3702,3703,3793,3840,3968,3994,4015,4068,4126,4235,4262,4270,4370,4378,4396,4732,4878,4901,4954,4973,4975,4979,5015,5027,5072,5151,5246,5247,5283,5349,5377,5378,5418,5445,5464,5507,5618,5619,5693,5792,5810,5812,5816,5902,5952,5956,6016,6051,6218,6288,6333,6365,6367,6378,6383,6502,6534,6708,6711,6796,6863,6873,6879,6893,6934,6936,6942,6947,6979,7361,7373,8633,8636,8644
96,1,34,50,110,150,193,260,272,296,299,306,307,367,377,380,434,454,480,527,589,648,733,780,788,858,1036,1079,1089,1094,1097,1188,1198,1200,1210,1214,1220,1221,1291,1296,1304,1387,1587,1610,1617,1625,1721,1942,2000,2021,2028,2054,2058,2115,2174,2289,2294,2340,2353,2396,2571,2628,2716,2858,2944,2947,2948,3033,3060,3175,3176,3256,3418,3499,3555,3578,3633,3635,3819
97,377,593,858,1193,1210,1961,2019,2028,2571,3257,3448,3555,3578,3623,3717,3793,3981,3996,3999,4011,4022,4025,4161,4270,4299,4306,4367,4386,4638,4643,4701,4963,4993,5109,5378,5420
98,1,356,364,593,608,858,904,1036,1193,1197,1207,1214,1219,1240,1258,1270,1333,1704,2324,3114,3499,4016,4226,4306,4720,4995,5299,5444,5618,6863,7153,7451,8529,8961,38038,46578,47099,50872,52975,53464,53993,55267,56152,56757,56775,56801,58047,59615,60040,60126,63859,63992,66934,67408,69644,71264,71745,72378,72641,74458,74789,79132,79139,81564,81845,81847,82461,83134,88163,88810,97921,97938,104841,109487,112852,116797,117176,122904,122912,122916,122918,122926,134130,134853,135143,152077,164179,168250,177765,179819,187541,187593
99,10,22,23,122,145,150,153,160,161,163,165,168,196,204,225,227,228,231,234,236,248,252,253,256,257,259,266,276,281,282,288,292,293,296,312,315,316,318,325,333,337,339,344,349,380,413,416,420,434,435,555,588,592
100,3,11,16,17,19,28,62,74,89,95,104,168,222,223,234,235,237,261,266,296,356,357,368,377,380,441,497,508,537,539,553,555,587,590,592,594,597,605,648,838,899,900,914,916,919,920,923,932,933,934,1028,1035,1037,1059,1091,1101,1197,1203,1213,1220,1225,1246,1257,1265,1270,1277,1278,1288,1290,1299,1307,1380,1393,1407,1441,1500,1517,1580,1639,1674,1678,1680,1777,1784,1912,1923,1958,1961,1968,2005,2028,2100,2108,2125,2245,2248,2262,2291,2329,2396,2406,2423,2468,2496,2502,2513,2539,2671,2683,2706,2710,2716,2804,3098,3244,3259,3261,3274,3499,3512,3536,3717,3753,3911,4014,4041,4161,4246,4308,4571,4621,4623,4643,4995,5013,5299,5380,5620,5810,5989,6059,6183,6377,6785,6873,7149,8529,8636
